cell,timepoint,condition,run,VA
B08_1dpt_ANG_CMA.sc2,1dpt,MTZ,B08,CMA
B08_1dpt_ANG_CMA.sc13,1dpt,MTZ,B08,CMA
B08_1dpt_ANG_CMA.sc14,1dpt,MTZ,B08,CMA
B08_1dpt_ANG_CMA.sc15,1dpt,MTZ,B08,CMA
B08_1dpt_ANG_CMA.sc1,1dpt,MTZ,B08,CMA
B08_1dpt_ANG_CMA.sc69,1dpt,MTZ,B08,CMA
B08_1dpt_ANG_CMA.sc16,1dpt,MTZ,B08,CMA
B08_1dpt_ANG_CMA.sc70,1dpt,MTZ,B08,CMA
B08_1dpt_ANG_CMA.sc71,1dpt,MTZ,B08,CMA
B08_1dpt_ANG_CMA.sc17,1dpt,MTZ,B08,CMA
B08_1dpt_ANG_CMA.sc72,1dpt,MTZ,B08,CMA
B08_1dpt_ANG_CMA.sc73,1dpt,MTZ,B08,CMA
B08_1dpt_ANG_CMA.sc10,1dpt,MTZ,B08,CMA
B08_1dpt_ANG_CMA.sc18,1dpt,MTZ,B08,CMA
B08_1dpt_ANG_CMA.sc74,1dpt,MTZ,B08,CMA
B08_1dpt_ANG_CMA.sc75,1dpt,MTZ,B08,CMA
B08_1dpt_ANG_CMA.sc19,1dpt,MTZ,B08,CMA
B08_1dpt_ANG_CMA.sc6,1dpt,MTZ,B08,CMA
B08_1dpt_ANG_CMA.sc5,1dpt,MTZ,B08,CMA
B08_1dpt_ANG_CMA.sc20,1dpt,MTZ,B08,CMA
B08_1dpt_ANG_CMA.sc21,1dpt,MTZ,B08,CMA
B08_1dpt_ANG_CMA.sc22,1dpt,MTZ,B08,CMA
B08_1dpt_ANG_CMA.sc23,1dpt,MTZ,B08,CMA
B08_1dpt_ANG_CMA.sc24,1dpt,MTZ,B08,CMA
B08_1dpt_ANG_CMA.sc25,1dpt,MTZ,B08,CMA
B08_1dpt_ANG_CMA.sc76,1dpt,MTZ,B08,CMA
B08_1dpt_ANG_CMA.sc77,1dpt,MTZ,B08,CMA
B08_1dpt_ANG_CMA.sc26,1dpt,MTZ,B08,CMA
B08_1dpt_ANG_CMA.sc78,1dpt,MTZ,B08,CMA
B08_1dpt_ANG_CMA.sc79,1dpt,MTZ,B08,CMA
B08_1dpt_ANG_CMA.sc12,1dpt,MTZ,B08,CMA
B08_1dpt_ANG_CMA.sc27,1dpt,MTZ,B08,CMA
B08_1dpt_ANG_CMA.sc4,1dpt,MTZ,B08,CMA
B08_1dpt_ANG_CMA.sc80,1dpt,MTZ,B08,CMA
B08_1dpt_ANG_CMA.sc81,1dpt,MTZ,B08,CMA
B08_1dpt_ANG_CMA.sc28,1dpt,MTZ,B08,CMA
B08_1dpt_ANG_CMA.sc3,1dpt,MTZ,B08,CMA
B08_1dpt_ANG_CMA.sc29,1dpt,MTZ,B08,CMA
B08_1dpt_ANG_CMA.sc82,1dpt,MTZ,B08,CMA
B08_1dpt_ANG_CMA.sc30,1dpt,MTZ,B08,CMA
B08_1dpt_ANG_CMA.sc31,1dpt,MTZ,B08,CMA
B08_1dpt_ANG_CMA.sc83,1dpt,MTZ,B08,CMA
B08_1dpt_ANG_CMA.sc32,1dpt,MTZ,B08,CMA
B08_1dpt_ANG_CMA.sc84,1dpt,MTZ,B08,CMA
B08_1dpt_ANG_CMA.sc33,1dpt,MTZ,B08,CMA
B08_1dpt_ANG_CMA.sc7,1dpt,MTZ,B08,CMA
B08_1dpt_ANG_CMA.sc34,1dpt,MTZ,B08,CMA
B08_1dpt_ANG_CMA.sc35,1dpt,MTZ,B08,CMA
B08_1dpt_ANG_CMA.sc8,1dpt,MTZ,B08,CMA
B08_1dpt_ANG_CMA.sc36,1dpt,MTZ,B08,CMA
B08_1dpt_ANG_CMA.sc85,1dpt,MTZ,B08,CMA
B08_1dpt_ANG_CMA.sc37,1dpt,MTZ,B08,CMA
B08_1dpt_ANG_CMA.sc86,1dpt,MTZ,B08,CMA
B08_1dpt_ANG_CMA.sc38,1dpt,MTZ,B08,CMA
B08_1dpt_ANG_CMA.sc87,1dpt,MTZ,B08,CMA
B08_1dpt_ANG_CMA.sc39,1dpt,MTZ,B08,CMA
B08_1dpt_ANG_CMA.sc88,1dpt,MTZ,B08,CMA
B08_1dpt_ANG_CMA.sc40,1dpt,MTZ,B08,CMA
B08_1dpt_ANG_CMA.sc89,1dpt,MTZ,B08,CMA
B08_1dpt_ANG_CMA.sc41,1dpt,MTZ,B08,CMA
B08_1dpt_ANG_CMA.sc42,1dpt,MTZ,B08,CMA
B08_1dpt_ANG_CMA.sc9,1dpt,MTZ,B08,CMA
B08_1dpt_ANG_CMA.sc90,1dpt,MTZ,B08,CMA
B08_1dpt_ANG_CMA.sc91,1dpt,MTZ,B08,CMA
B08_1dpt_ANG_CMA.sc43,1dpt,MTZ,B08,CMA
B08_1dpt_ANG_CMA.sc44,1dpt,MTZ,B08,CMA
B08_1dpt_ANG_CMA.sc45,1dpt,MTZ,B08,CMA
B08_1dpt_ANG_CMA.sc11,1dpt,MTZ,B08,CMA
B08_1dpt_ANG_CMA.sc92,1dpt,MTZ,B08,CMA
B08_1dpt_ANG_CMA.sc46,1dpt,MTZ,B08,CMA
B08_1dpt_ANG_CMA.sc93,1dpt,MTZ,B08,CMA
B08_1dpt_ANG_CMA.sc47,1dpt,MTZ,B08,CMA
B08_1dpt_ANG_CMA.sc48,1dpt,MTZ,B08,CMA
B08_1dpt_ANG_CMA.sc94,1dpt,MTZ,B08,CMA
B08_1dpt_ANG_CMA.sc49,1dpt,MTZ,B08,CMA
B08_1dpt_ANG_CMA.sc95,1dpt,MTZ,B08,CMA
B08_1dpt_ANG_CMA.sc96,1dpt,MTZ,B08,CMA
B08_1dpt_ANG_CMA.sc50,1dpt,MTZ,B08,CMA
B08_1dpt_ANG_CMA.sc51,1dpt,MTZ,B08,CMA
B08_1dpt_ANG_CMA.sc52,1dpt,MTZ,B08,CMA
B08_1dpt_ANG_CMA.sc53,1dpt,MTZ,B08,CMA
B08_1dpt_ANG_CMA.sc54,1dpt,MTZ,B08,CMA
B08_1dpt_ANG_CMA.sc55,1dpt,MTZ,B08,CMA
B08_1dpt_ANG_CMA.sc56,1dpt,MTZ,B08,CMA
B08_1dpt_ANG_CMA.sc57,1dpt,MTZ,B08,CMA
B08_1dpt_ANG_CMA.sc58,1dpt,MTZ,B08,CMA
B08_1dpt_ANG_CMA.sc59,1dpt,MTZ,B08,CMA
B08_1dpt_ANG_CMA.sc60,1dpt,MTZ,B08,CMA
B08_1dpt_ANG_CMA.sc61,1dpt,MTZ,B08,CMA
B08_1dpt_ANG_CMA.sc62,1dpt,MTZ,B08,CMA
B08_1dpt_ANG_CMA.sc63,1dpt,MTZ,B08,CMA
B08_1dpt_ANG_CMA.sc64,1dpt,MTZ,B08,CMA
B08_1dpt_ANG_CMA.sc65,1dpt,MTZ,B08,CMA
B08_1dpt_ANG_CMA.sc66,1dpt,MTZ,B08,CMA
B08_1dpt_ANG_CMA.sc67,1dpt,MTZ,B08,CMA
B08_1dpt_ANG_CMA.sc68,1dpt,MTZ,B08,CMA
B08_1dpt_ANG_CMV1.sc2,1dpt,MTZ,B08,CMV
B08_1dpt_ANG_CMV1.sc13,1dpt,MTZ,B08,CMV
B08_1dpt_ANG_CMV1.sc14,1dpt,MTZ,B08,CMV
B08_1dpt_ANG_CMV1.sc15,1dpt,MTZ,B08,CMV
B08_1dpt_ANG_CMV1.sc1,1dpt,MTZ,B08,CMV
B08_1dpt_ANG_CMV1.sc69,1dpt,MTZ,B08,CMV
B08_1dpt_ANG_CMV1.sc16,1dpt,MTZ,B08,CMV
B08_1dpt_ANG_CMV1.sc70,1dpt,MTZ,B08,CMV
B08_1dpt_ANG_CMV1.sc71,1dpt,MTZ,B08,CMV
B08_1dpt_ANG_CMV1.sc17,1dpt,MTZ,B08,CMV
B08_1dpt_ANG_CMV1.sc72,1dpt,MTZ,B08,CMV
B08_1dpt_ANG_CMV1.sc73,1dpt,MTZ,B08,CMV
B08_1dpt_ANG_CMV1.sc10,1dpt,MTZ,B08,CMV
B08_1dpt_ANG_CMV1.sc18,1dpt,MTZ,B08,CMV
B08_1dpt_ANG_CMV1.sc74,1dpt,MTZ,B08,CMV
B08_1dpt_ANG_CMV1.sc75,1dpt,MTZ,B08,CMV
B08_1dpt_ANG_CMV1.sc19,1dpt,MTZ,B08,CMV
B08_1dpt_ANG_CMV1.sc6,1dpt,MTZ,B08,CMV
B08_1dpt_ANG_CMV1.sc5,1dpt,MTZ,B08,CMV
B08_1dpt_ANG_CMV1.sc20,1dpt,MTZ,B08,CMV
B08_1dpt_ANG_CMV1.sc21,1dpt,MTZ,B08,CMV
B08_1dpt_ANG_CMV1.sc22,1dpt,MTZ,B08,CMV
B08_1dpt_ANG_CMV1.sc23,1dpt,MTZ,B08,CMV
B08_1dpt_ANG_CMV1.sc24,1dpt,MTZ,B08,CMV
B08_1dpt_ANG_CMV1.sc25,1dpt,MTZ,B08,CMV
B08_1dpt_ANG_CMV1.sc76,1dpt,MTZ,B08,CMV
B08_1dpt_ANG_CMV1.sc77,1dpt,MTZ,B08,CMV
B08_1dpt_ANG_CMV1.sc26,1dpt,MTZ,B08,CMV
B08_1dpt_ANG_CMV1.sc78,1dpt,MTZ,B08,CMV
B08_1dpt_ANG_CMV1.sc79,1dpt,MTZ,B08,CMV
B08_1dpt_ANG_CMV1.sc12,1dpt,MTZ,B08,CMV
B08_1dpt_ANG_CMV1.sc27,1dpt,MTZ,B08,CMV
B08_1dpt_ANG_CMV1.sc4,1dpt,MTZ,B08,CMV
B08_1dpt_ANG_CMV1.sc80,1dpt,MTZ,B08,CMV
B08_1dpt_ANG_CMV1.sc81,1dpt,MTZ,B08,CMV
B08_1dpt_ANG_CMV1.sc28,1dpt,MTZ,B08,CMV
B08_1dpt_ANG_CMV1.sc3,1dpt,MTZ,B08,CMV
B08_1dpt_ANG_CMV1.sc29,1dpt,MTZ,B08,CMV
B08_1dpt_ANG_CMV1.sc82,1dpt,MTZ,B08,CMV
B08_1dpt_ANG_CMV1.sc30,1dpt,MTZ,B08,CMV
B08_1dpt_ANG_CMV1.sc31,1dpt,MTZ,B08,CMV
B08_1dpt_ANG_CMV1.sc83,1dpt,MTZ,B08,CMV
B08_1dpt_ANG_CMV1.sc32,1dpt,MTZ,B08,CMV
B08_1dpt_ANG_CMV1.sc84,1dpt,MTZ,B08,CMV
B08_1dpt_ANG_CMV1.sc33,1dpt,MTZ,B08,CMV
B08_1dpt_ANG_CMV1.sc7,1dpt,MTZ,B08,CMV
B08_1dpt_ANG_CMV1.sc34,1dpt,MTZ,B08,CMV
B08_1dpt_ANG_CMV1.sc35,1dpt,MTZ,B08,CMV
B08_1dpt_ANG_CMV1.sc8,1dpt,MTZ,B08,CMV
B08_1dpt_ANG_CMV1.sc36,1dpt,MTZ,B08,CMV
B08_1dpt_ANG_CMV1.sc85,1dpt,MTZ,B08,CMV
B08_1dpt_ANG_CMV1.sc37,1dpt,MTZ,B08,CMV
B08_1dpt_ANG_CMV1.sc86,1dpt,MTZ,B08,CMV
B08_1dpt_ANG_CMV1.sc38,1dpt,MTZ,B08,CMV
B08_1dpt_ANG_CMV1.sc87,1dpt,MTZ,B08,CMV
B08_1dpt_ANG_CMV1.sc39,1dpt,MTZ,B08,CMV
B08_1dpt_ANG_CMV1.sc88,1dpt,MTZ,B08,CMV
B08_1dpt_ANG_CMV1.sc40,1dpt,MTZ,B08,CMV
B08_1dpt_ANG_CMV1.sc89,1dpt,MTZ,B08,CMV
B08_1dpt_ANG_CMV1.sc41,1dpt,MTZ,B08,CMV
B08_1dpt_ANG_CMV1.sc42,1dpt,MTZ,B08,CMV
B08_1dpt_ANG_CMV1.sc9,1dpt,MTZ,B08,CMV
B08_1dpt_ANG_CMV1.sc90,1dpt,MTZ,B08,CMV
B08_1dpt_ANG_CMV1.sc91,1dpt,MTZ,B08,CMV
B08_1dpt_ANG_CMV1.sc43,1dpt,MTZ,B08,CMV
B08_1dpt_ANG_CMV1.sc44,1dpt,MTZ,B08,CMV
B08_1dpt_ANG_CMV1.sc45,1dpt,MTZ,B08,CMV
B08_1dpt_ANG_CMV1.sc11,1dpt,MTZ,B08,CMV
B08_1dpt_ANG_CMV1.sc92,1dpt,MTZ,B08,CMV
B08_1dpt_ANG_CMV1.sc46,1dpt,MTZ,B08,CMV
B08_1dpt_ANG_CMV1.sc93,1dpt,MTZ,B08,CMV
B08_1dpt_ANG_CMV1.sc47,1dpt,MTZ,B08,CMV
B08_1dpt_ANG_CMV1.sc48,1dpt,MTZ,B08,CMV
B08_1dpt_ANG_CMV1.sc94,1dpt,MTZ,B08,CMV
B08_1dpt_ANG_CMV1.sc49,1dpt,MTZ,B08,CMV
B08_1dpt_ANG_CMV1.sc95,1dpt,MTZ,B08,CMV
B08_1dpt_ANG_CMV1.sc96,1dpt,MTZ,B08,CMV
B08_1dpt_ANG_CMV1.sc50,1dpt,MTZ,B08,CMV
B08_1dpt_ANG_CMV1.sc51,1dpt,MTZ,B08,CMV
B08_1dpt_ANG_CMV1.sc52,1dpt,MTZ,B08,CMV
B08_1dpt_ANG_CMV1.sc53,1dpt,MTZ,B08,CMV
B08_1dpt_ANG_CMV1.sc54,1dpt,MTZ,B08,CMV
B08_1dpt_ANG_CMV1.sc55,1dpt,MTZ,B08,CMV
B08_1dpt_ANG_CMV1.sc56,1dpt,MTZ,B08,CMV
B08_1dpt_ANG_CMV1.sc57,1dpt,MTZ,B08,CMV
B08_1dpt_ANG_CMV1.sc58,1dpt,MTZ,B08,CMV
B08_1dpt_ANG_CMV1.sc59,1dpt,MTZ,B08,CMV
B08_1dpt_ANG_CMV1.sc60,1dpt,MTZ,B08,CMV
B08_1dpt_ANG_CMV1.sc61,1dpt,MTZ,B08,CMV
B08_1dpt_ANG_CMV1.sc62,1dpt,MTZ,B08,CMV
B08_1dpt_ANG_CMV1.sc63,1dpt,MTZ,B08,CMV
B08_1dpt_ANG_CMV1.sc64,1dpt,MTZ,B08,CMV
B08_1dpt_ANG_CMV1.sc65,1dpt,MTZ,B08,CMV
B08_1dpt_ANG_CMV1.sc66,1dpt,MTZ,B08,CMV
B08_1dpt_ANG_CMV1.sc67,1dpt,MTZ,B08,CMV
B08_1dpt_ANG_CMV1.sc68,1dpt,MTZ,B08,CMV
B08_1dpt_ANG_CMV2.sc2,1dpt,MTZ,B08,CMV
B08_1dpt_ANG_CMV2.sc13,1dpt,MTZ,B08,CMV
B08_1dpt_ANG_CMV2.sc14,1dpt,MTZ,B08,CMV
B08_1dpt_ANG_CMV2.sc15,1dpt,MTZ,B08,CMV
B08_1dpt_ANG_CMV2.sc1,1dpt,MTZ,B08,CMV
B08_1dpt_ANG_CMV2.sc69,1dpt,MTZ,B08,CMV
B08_1dpt_ANG_CMV2.sc16,1dpt,MTZ,B08,CMV
B08_1dpt_ANG_CMV2.sc70,1dpt,MTZ,B08,CMV
B08_1dpt_ANG_CMV2.sc71,1dpt,MTZ,B08,CMV
B08_1dpt_ANG_CMV2.sc17,1dpt,MTZ,B08,CMV
B08_1dpt_ANG_CMV2.sc72,1dpt,MTZ,B08,CMV
B08_1dpt_ANG_CMV2.sc73,1dpt,MTZ,B08,CMV
B08_1dpt_ANG_CMV2.sc10,1dpt,MTZ,B08,CMV
B08_1dpt_ANG_CMV2.sc18,1dpt,MTZ,B08,CMV
B08_1dpt_ANG_CMV2.sc74,1dpt,MTZ,B08,CMV
B08_1dpt_ANG_CMV2.sc75,1dpt,MTZ,B08,CMV
B08_1dpt_ANG_CMV2.sc19,1dpt,MTZ,B08,CMV
B08_1dpt_ANG_CMV2.sc6,1dpt,MTZ,B08,CMV
B08_1dpt_ANG_CMV2.sc5,1dpt,MTZ,B08,CMV
B08_1dpt_ANG_CMV2.sc20,1dpt,MTZ,B08,CMV
B08_1dpt_ANG_CMV2.sc21,1dpt,MTZ,B08,CMV
B08_1dpt_ANG_CMV2.sc22,1dpt,MTZ,B08,CMV
B08_1dpt_ANG_CMV2.sc23,1dpt,MTZ,B08,CMV
B08_1dpt_ANG_CMV2.sc24,1dpt,MTZ,B08,CMV
B08_1dpt_ANG_CMV2.sc25,1dpt,MTZ,B08,CMV
B08_1dpt_ANG_CMV2.sc76,1dpt,MTZ,B08,CMV
B08_1dpt_ANG_CMV2.sc77,1dpt,MTZ,B08,CMV
B08_1dpt_ANG_CMV2.sc26,1dpt,MTZ,B08,CMV
B08_1dpt_ANG_CMV2.sc78,1dpt,MTZ,B08,CMV
B08_1dpt_ANG_CMV2.sc79,1dpt,MTZ,B08,CMV
B08_1dpt_ANG_CMV2.sc12,1dpt,MTZ,B08,CMV
B08_1dpt_ANG_CMV2.sc27,1dpt,MTZ,B08,CMV
B08_1dpt_ANG_CMV2.sc4,1dpt,MTZ,B08,CMV
B08_1dpt_ANG_CMV2.sc80,1dpt,MTZ,B08,CMV
B08_1dpt_ANG_CMV2.sc81,1dpt,MTZ,B08,CMV
B08_1dpt_ANG_CMV2.sc28,1dpt,MTZ,B08,CMV
B08_1dpt_ANG_CMV2.sc3,1dpt,MTZ,B08,CMV
B08_1dpt_ANG_CMV2.sc29,1dpt,MTZ,B08,CMV
B08_1dpt_ANG_CMV2.sc82,1dpt,MTZ,B08,CMV
B08_1dpt_ANG_CMV2.sc30,1dpt,MTZ,B08,CMV
B08_1dpt_ANG_CMV2.sc31,1dpt,MTZ,B08,CMV
B08_1dpt_ANG_CMV2.sc83,1dpt,MTZ,B08,CMV
B08_1dpt_ANG_CMV2.sc32,1dpt,MTZ,B08,CMV
B08_1dpt_ANG_CMV2.sc84,1dpt,MTZ,B08,CMV
B08_1dpt_ANG_CMV2.sc33,1dpt,MTZ,B08,CMV
B08_1dpt_ANG_CMV2.sc7,1dpt,MTZ,B08,CMV
B08_1dpt_ANG_CMV2.sc34,1dpt,MTZ,B08,CMV
B08_1dpt_ANG_CMV2.sc35,1dpt,MTZ,B08,CMV
B08_1dpt_ANG_CMV2.sc8,1dpt,MTZ,B08,CMV
B08_1dpt_ANG_CMV2.sc36,1dpt,MTZ,B08,CMV
B08_1dpt_ANG_CMV2.sc85,1dpt,MTZ,B08,CMV
B08_1dpt_ANG_CMV2.sc37,1dpt,MTZ,B08,CMV
B08_1dpt_ANG_CMV2.sc86,1dpt,MTZ,B08,CMV
B08_1dpt_ANG_CMV2.sc38,1dpt,MTZ,B08,CMV
B08_1dpt_ANG_CMV2.sc87,1dpt,MTZ,B08,CMV
B08_1dpt_ANG_CMV2.sc39,1dpt,MTZ,B08,CMV
B08_1dpt_ANG_CMV2.sc88,1dpt,MTZ,B08,CMV
B08_1dpt_ANG_CMV2.sc40,1dpt,MTZ,B08,CMV
B08_1dpt_ANG_CMV2.sc89,1dpt,MTZ,B08,CMV
B08_1dpt_ANG_CMV2.sc41,1dpt,MTZ,B08,CMV
B08_1dpt_ANG_CMV2.sc42,1dpt,MTZ,B08,CMV
B08_1dpt_ANG_CMV2.sc9,1dpt,MTZ,B08,CMV
B08_1dpt_ANG_CMV2.sc90,1dpt,MTZ,B08,CMV
B08_1dpt_ANG_CMV2.sc91,1dpt,MTZ,B08,CMV
B08_1dpt_ANG_CMV2.sc43,1dpt,MTZ,B08,CMV
B08_1dpt_ANG_CMV2.sc44,1dpt,MTZ,B08,CMV
B08_1dpt_ANG_CMV2.sc45,1dpt,MTZ,B08,CMV
B08_1dpt_ANG_CMV2.sc11,1dpt,MTZ,B08,CMV
B08_1dpt_ANG_CMV2.sc92,1dpt,MTZ,B08,CMV
B08_1dpt_ANG_CMV2.sc46,1dpt,MTZ,B08,CMV
B08_1dpt_ANG_CMV2.sc93,1dpt,MTZ,B08,CMV
B08_1dpt_ANG_CMV2.sc47,1dpt,MTZ,B08,CMV
B08_1dpt_ANG_CMV2.sc48,1dpt,MTZ,B08,CMV
B08_1dpt_ANG_CMV2.sc94,1dpt,MTZ,B08,CMV
B08_1dpt_ANG_CMV2.sc49,1dpt,MTZ,B08,CMV
B08_1dpt_ANG_CMV2.sc95,1dpt,MTZ,B08,CMV
B08_1dpt_ANG_CMV2.sc96,1dpt,MTZ,B08,CMV
B08_1dpt_ANG_CMV2.sc50,1dpt,MTZ,B08,CMV
B08_1dpt_ANG_CMV2.sc51,1dpt,MTZ,B08,CMV
B08_1dpt_ANG_CMV2.sc52,1dpt,MTZ,B08,CMV
B08_1dpt_ANG_CMV2.sc53,1dpt,MTZ,B08,CMV
B08_1dpt_ANG_CMV2.sc54,1dpt,MTZ,B08,CMV
B08_1dpt_ANG_CMV2.sc55,1dpt,MTZ,B08,CMV
B08_1dpt_ANG_CMV2.sc56,1dpt,MTZ,B08,CMV
B08_1dpt_ANG_CMV2.sc57,1dpt,MTZ,B08,CMV
B08_1dpt_ANG_CMV2.sc58,1dpt,MTZ,B08,CMV
B08_1dpt_ANG_CMV2.sc59,1dpt,MTZ,B08,CMV
B08_1dpt_ANG_CMV2.sc60,1dpt,MTZ,B08,CMV
B08_1dpt_ANG_CMV2.sc61,1dpt,MTZ,B08,CMV
B08_1dpt_ANG_CMV2.sc62,1dpt,MTZ,B08,CMV
B08_1dpt_ANG_CMV2.sc63,1dpt,MTZ,B08,CMV
B08_1dpt_ANG_CMV2.sc64,1dpt,MTZ,B08,CMV
B08_1dpt_ANG_CMV2.sc65,1dpt,MTZ,B08,CMV
B08_1dpt_ANG_CMV2.sc66,1dpt,MTZ,B08,CMV
B08_1dpt_ANG_CMV2.sc67,1dpt,MTZ,B08,CMV
B08_1dpt_ANG_CMV2.sc68,1dpt,MTZ,B08,CMV
B08_2dpt_ANG_CMA.sc2,2dpt,MTZ,B08,CMA
B08_2dpt_ANG_CMA.sc13,2dpt,MTZ,B08,CMA
B08_2dpt_ANG_CMA.sc14,2dpt,MTZ,B08,CMA
B08_2dpt_ANG_CMA.sc15,2dpt,MTZ,B08,CMA
B08_2dpt_ANG_CMA.sc1,2dpt,MTZ,B08,CMA
B08_2dpt_ANG_CMA.sc69,2dpt,MTZ,B08,CMA
B08_2dpt_ANG_CMA.sc16,2dpt,MTZ,B08,CMA
B08_2dpt_ANG_CMA.sc70,2dpt,MTZ,B08,CMA
B08_2dpt_ANG_CMA.sc71,2dpt,MTZ,B08,CMA
B08_2dpt_ANG_CMA.sc17,2dpt,MTZ,B08,CMA
B08_2dpt_ANG_CMA.sc72,2dpt,MTZ,B08,CMA
B08_2dpt_ANG_CMA.sc73,2dpt,MTZ,B08,CMA
B08_2dpt_ANG_CMA.sc10,2dpt,MTZ,B08,CMA
B08_2dpt_ANG_CMA.sc18,2dpt,MTZ,B08,CMA
B08_2dpt_ANG_CMA.sc74,2dpt,MTZ,B08,CMA
B08_2dpt_ANG_CMA.sc75,2dpt,MTZ,B08,CMA
B08_2dpt_ANG_CMA.sc19,2dpt,MTZ,B08,CMA
B08_2dpt_ANG_CMA.sc6,2dpt,MTZ,B08,CMA
B08_2dpt_ANG_CMA.sc5,2dpt,MTZ,B08,CMA
B08_2dpt_ANG_CMA.sc20,2dpt,MTZ,B08,CMA
B08_2dpt_ANG_CMA.sc21,2dpt,MTZ,B08,CMA
B08_2dpt_ANG_CMA.sc22,2dpt,MTZ,B08,CMA
B08_2dpt_ANG_CMA.sc23,2dpt,MTZ,B08,CMA
B08_2dpt_ANG_CMA.sc24,2dpt,MTZ,B08,CMA
B08_2dpt_ANG_CMA.sc25,2dpt,MTZ,B08,CMA
B08_2dpt_ANG_CMA.sc76,2dpt,MTZ,B08,CMA
B08_2dpt_ANG_CMA.sc77,2dpt,MTZ,B08,CMA
B08_2dpt_ANG_CMA.sc26,2dpt,MTZ,B08,CMA
B08_2dpt_ANG_CMA.sc78,2dpt,MTZ,B08,CMA
B08_2dpt_ANG_CMA.sc79,2dpt,MTZ,B08,CMA
B08_2dpt_ANG_CMA.sc12,2dpt,MTZ,B08,CMA
B08_2dpt_ANG_CMA.sc27,2dpt,MTZ,B08,CMA
B08_2dpt_ANG_CMA.sc4,2dpt,MTZ,B08,CMA
B08_2dpt_ANG_CMA.sc80,2dpt,MTZ,B08,CMA
B08_2dpt_ANG_CMA.sc81,2dpt,MTZ,B08,CMA
B08_2dpt_ANG_CMA.sc28,2dpt,MTZ,B08,CMA
B08_2dpt_ANG_CMA.sc3,2dpt,MTZ,B08,CMA
B08_2dpt_ANG_CMA.sc29,2dpt,MTZ,B08,CMA
B08_2dpt_ANG_CMA.sc82,2dpt,MTZ,B08,CMA
B08_2dpt_ANG_CMA.sc30,2dpt,MTZ,B08,CMA
B08_2dpt_ANG_CMA.sc31,2dpt,MTZ,B08,CMA
B08_2dpt_ANG_CMA.sc83,2dpt,MTZ,B08,CMA
B08_2dpt_ANG_CMA.sc32,2dpt,MTZ,B08,CMA
B08_2dpt_ANG_CMA.sc84,2dpt,MTZ,B08,CMA
B08_2dpt_ANG_CMA.sc33,2dpt,MTZ,B08,CMA
B08_2dpt_ANG_CMA.sc7,2dpt,MTZ,B08,CMA
B08_2dpt_ANG_CMA.sc34,2dpt,MTZ,B08,CMA
B08_2dpt_ANG_CMA.sc35,2dpt,MTZ,B08,CMA
B08_2dpt_ANG_CMA.sc8,2dpt,MTZ,B08,CMA
B08_2dpt_ANG_CMA.sc36,2dpt,MTZ,B08,CMA
B08_2dpt_ANG_CMA.sc85,2dpt,MTZ,B08,CMA
B08_2dpt_ANG_CMA.sc37,2dpt,MTZ,B08,CMA
B08_2dpt_ANG_CMA.sc86,2dpt,MTZ,B08,CMA
B08_2dpt_ANG_CMA.sc38,2dpt,MTZ,B08,CMA
B08_2dpt_ANG_CMA.sc87,2dpt,MTZ,B08,CMA
B08_2dpt_ANG_CMA.sc39,2dpt,MTZ,B08,CMA
B08_2dpt_ANG_CMA.sc88,2dpt,MTZ,B08,CMA
B08_2dpt_ANG_CMA.sc40,2dpt,MTZ,B08,CMA
B08_2dpt_ANG_CMA.sc89,2dpt,MTZ,B08,CMA
B08_2dpt_ANG_CMA.sc41,2dpt,MTZ,B08,CMA
B08_2dpt_ANG_CMA.sc42,2dpt,MTZ,B08,CMA
B08_2dpt_ANG_CMA.sc9,2dpt,MTZ,B08,CMA
B08_2dpt_ANG_CMA.sc90,2dpt,MTZ,B08,CMA
B08_2dpt_ANG_CMA.sc91,2dpt,MTZ,B08,CMA
B08_2dpt_ANG_CMA.sc43,2dpt,MTZ,B08,CMA
B08_2dpt_ANG_CMA.sc44,2dpt,MTZ,B08,CMA
B08_2dpt_ANG_CMA.sc45,2dpt,MTZ,B08,CMA
B08_2dpt_ANG_CMA.sc11,2dpt,MTZ,B08,CMA
B08_2dpt_ANG_CMA.sc92,2dpt,MTZ,B08,CMA
B08_2dpt_ANG_CMA.sc46,2dpt,MTZ,B08,CMA
B08_2dpt_ANG_CMA.sc93,2dpt,MTZ,B08,CMA
B08_2dpt_ANG_CMA.sc47,2dpt,MTZ,B08,CMA
B08_2dpt_ANG_CMA.sc48,2dpt,MTZ,B08,CMA
B08_2dpt_ANG_CMA.sc94,2dpt,MTZ,B08,CMA
B08_2dpt_ANG_CMA.sc49,2dpt,MTZ,B08,CMA
B08_2dpt_ANG_CMA.sc95,2dpt,MTZ,B08,CMA
B08_2dpt_ANG_CMA.sc96,2dpt,MTZ,B08,CMA
B08_2dpt_ANG_CMA.sc50,2dpt,MTZ,B08,CMA
B08_2dpt_ANG_CMA.sc51,2dpt,MTZ,B08,CMA
B08_2dpt_ANG_CMA.sc52,2dpt,MTZ,B08,CMA
B08_2dpt_ANG_CMA.sc53,2dpt,MTZ,B08,CMA
B08_2dpt_ANG_CMA.sc54,2dpt,MTZ,B08,CMA
B08_2dpt_ANG_CMA.sc55,2dpt,MTZ,B08,CMA
B08_2dpt_ANG_CMA.sc56,2dpt,MTZ,B08,CMA
B08_2dpt_ANG_CMA.sc57,2dpt,MTZ,B08,CMA
B08_2dpt_ANG_CMA.sc58,2dpt,MTZ,B08,CMA
B08_2dpt_ANG_CMA.sc59,2dpt,MTZ,B08,CMA
B08_2dpt_ANG_CMA.sc60,2dpt,MTZ,B08,CMA
B08_2dpt_ANG_CMA.sc61,2dpt,MTZ,B08,CMA
B08_2dpt_ANG_CMA.sc62,2dpt,MTZ,B08,CMA
B08_2dpt_ANG_CMA.sc63,2dpt,MTZ,B08,CMA
B08_2dpt_ANG_CMA.sc64,2dpt,MTZ,B08,CMA
B08_2dpt_ANG_CMA.sc65,2dpt,MTZ,B08,CMA
B08_2dpt_ANG_CMA.sc66,2dpt,MTZ,B08,CMA
B08_2dpt_ANG_CMA.sc67,2dpt,MTZ,B08,CMA
B08_2dpt_ANG_CMA.sc68,2dpt,MTZ,B08,CMA
B08_2dpt_ANG_CMV1.sc2,2dpt,MTZ,B08,CMV
B08_2dpt_ANG_CMV1.sc13,2dpt,MTZ,B08,CMV
B08_2dpt_ANG_CMV1.sc14,2dpt,MTZ,B08,CMV
B08_2dpt_ANG_CMV1.sc15,2dpt,MTZ,B08,CMV
B08_2dpt_ANG_CMV1.sc1,2dpt,MTZ,B08,CMV
B08_2dpt_ANG_CMV1.sc69,2dpt,MTZ,B08,CMV
B08_2dpt_ANG_CMV1.sc16,2dpt,MTZ,B08,CMV
B08_2dpt_ANG_CMV1.sc70,2dpt,MTZ,B08,CMV
B08_2dpt_ANG_CMV1.sc71,2dpt,MTZ,B08,CMV
B08_2dpt_ANG_CMV1.sc17,2dpt,MTZ,B08,CMV
B08_2dpt_ANG_CMV1.sc72,2dpt,MTZ,B08,CMV
B08_2dpt_ANG_CMV1.sc73,2dpt,MTZ,B08,CMV
B08_2dpt_ANG_CMV1.sc10,2dpt,MTZ,B08,CMV
B08_2dpt_ANG_CMV1.sc18,2dpt,MTZ,B08,CMV
B08_2dpt_ANG_CMV1.sc74,2dpt,MTZ,B08,CMV
B08_2dpt_ANG_CMV1.sc75,2dpt,MTZ,B08,CMV
B08_2dpt_ANG_CMV1.sc19,2dpt,MTZ,B08,CMV
B08_2dpt_ANG_CMV1.sc6,2dpt,MTZ,B08,CMV
B08_2dpt_ANG_CMV1.sc5,2dpt,MTZ,B08,CMV
B08_2dpt_ANG_CMV1.sc20,2dpt,MTZ,B08,CMV
B08_2dpt_ANG_CMV1.sc21,2dpt,MTZ,B08,CMV
B08_2dpt_ANG_CMV1.sc22,2dpt,MTZ,B08,CMV
B08_2dpt_ANG_CMV1.sc23,2dpt,MTZ,B08,CMV
B08_2dpt_ANG_CMV1.sc24,2dpt,MTZ,B08,CMV
B08_2dpt_ANG_CMV1.sc25,2dpt,MTZ,B08,CMV
B08_2dpt_ANG_CMV1.sc76,2dpt,MTZ,B08,CMV
B08_2dpt_ANG_CMV1.sc77,2dpt,MTZ,B08,CMV
B08_2dpt_ANG_CMV1.sc26,2dpt,MTZ,B08,CMV
B08_2dpt_ANG_CMV1.sc78,2dpt,MTZ,B08,CMV
B08_2dpt_ANG_CMV1.sc79,2dpt,MTZ,B08,CMV
B08_2dpt_ANG_CMV1.sc12,2dpt,MTZ,B08,CMV
B08_2dpt_ANG_CMV1.sc27,2dpt,MTZ,B08,CMV
B08_2dpt_ANG_CMV1.sc4,2dpt,MTZ,B08,CMV
B08_2dpt_ANG_CMV1.sc80,2dpt,MTZ,B08,CMV
B08_2dpt_ANG_CMV1.sc81,2dpt,MTZ,B08,CMV
B08_2dpt_ANG_CMV1.sc28,2dpt,MTZ,B08,CMV
B08_2dpt_ANG_CMV1.sc3,2dpt,MTZ,B08,CMV
B08_2dpt_ANG_CMV1.sc29,2dpt,MTZ,B08,CMV
B08_2dpt_ANG_CMV1.sc82,2dpt,MTZ,B08,CMV
B08_2dpt_ANG_CMV1.sc30,2dpt,MTZ,B08,CMV
B08_2dpt_ANG_CMV1.sc31,2dpt,MTZ,B08,CMV
B08_2dpt_ANG_CMV1.sc83,2dpt,MTZ,B08,CMV
B08_2dpt_ANG_CMV1.sc32,2dpt,MTZ,B08,CMV
B08_2dpt_ANG_CMV1.sc84,2dpt,MTZ,B08,CMV
B08_2dpt_ANG_CMV1.sc33,2dpt,MTZ,B08,CMV
B08_2dpt_ANG_CMV1.sc7,2dpt,MTZ,B08,CMV
B08_2dpt_ANG_CMV1.sc34,2dpt,MTZ,B08,CMV
B08_2dpt_ANG_CMV1.sc35,2dpt,MTZ,B08,CMV
B08_2dpt_ANG_CMV1.sc8,2dpt,MTZ,B08,CMV
B08_2dpt_ANG_CMV1.sc36,2dpt,MTZ,B08,CMV
B08_2dpt_ANG_CMV1.sc85,2dpt,MTZ,B08,CMV
B08_2dpt_ANG_CMV1.sc37,2dpt,MTZ,B08,CMV
B08_2dpt_ANG_CMV1.sc86,2dpt,MTZ,B08,CMV
B08_2dpt_ANG_CMV1.sc38,2dpt,MTZ,B08,CMV
B08_2dpt_ANG_CMV1.sc87,2dpt,MTZ,B08,CMV
B08_2dpt_ANG_CMV1.sc39,2dpt,MTZ,B08,CMV
B08_2dpt_ANG_CMV1.sc88,2dpt,MTZ,B08,CMV
B08_2dpt_ANG_CMV1.sc40,2dpt,MTZ,B08,CMV
B08_2dpt_ANG_CMV1.sc89,2dpt,MTZ,B08,CMV
B08_2dpt_ANG_CMV1.sc41,2dpt,MTZ,B08,CMV
B08_2dpt_ANG_CMV1.sc42,2dpt,MTZ,B08,CMV
B08_2dpt_ANG_CMV1.sc9,2dpt,MTZ,B08,CMV
B08_2dpt_ANG_CMV1.sc90,2dpt,MTZ,B08,CMV
B08_2dpt_ANG_CMV1.sc91,2dpt,MTZ,B08,CMV
B08_2dpt_ANG_CMV1.sc43,2dpt,MTZ,B08,CMV
B08_2dpt_ANG_CMV1.sc44,2dpt,MTZ,B08,CMV
B08_2dpt_ANG_CMV1.sc45,2dpt,MTZ,B08,CMV
B08_2dpt_ANG_CMV1.sc11,2dpt,MTZ,B08,CMV
B08_2dpt_ANG_CMV1.sc92,2dpt,MTZ,B08,CMV
B08_2dpt_ANG_CMV1.sc46,2dpt,MTZ,B08,CMV
B08_2dpt_ANG_CMV1.sc93,2dpt,MTZ,B08,CMV
B08_2dpt_ANG_CMV1.sc47,2dpt,MTZ,B08,CMV
B08_2dpt_ANG_CMV1.sc48,2dpt,MTZ,B08,CMV
B08_2dpt_ANG_CMV1.sc94,2dpt,MTZ,B08,CMV
B08_2dpt_ANG_CMV1.sc49,2dpt,MTZ,B08,CMV
B08_2dpt_ANG_CMV1.sc95,2dpt,MTZ,B08,CMV
B08_2dpt_ANG_CMV1.sc96,2dpt,MTZ,B08,CMV
B08_2dpt_ANG_CMV1.sc50,2dpt,MTZ,B08,CMV
B08_2dpt_ANG_CMV1.sc51,2dpt,MTZ,B08,CMV
B08_2dpt_ANG_CMV1.sc52,2dpt,MTZ,B08,CMV
B08_2dpt_ANG_CMV1.sc53,2dpt,MTZ,B08,CMV
B08_2dpt_ANG_CMV1.sc54,2dpt,MTZ,B08,CMV
B08_2dpt_ANG_CMV1.sc55,2dpt,MTZ,B08,CMV
B08_2dpt_ANG_CMV1.sc56,2dpt,MTZ,B08,CMV
B08_2dpt_ANG_CMV1.sc57,2dpt,MTZ,B08,CMV
B08_2dpt_ANG_CMV1.sc58,2dpt,MTZ,B08,CMV
B08_2dpt_ANG_CMV1.sc59,2dpt,MTZ,B08,CMV
B08_2dpt_ANG_CMV1.sc60,2dpt,MTZ,B08,CMV
B08_2dpt_ANG_CMV1.sc61,2dpt,MTZ,B08,CMV
B08_2dpt_ANG_CMV1.sc62,2dpt,MTZ,B08,CMV
B08_2dpt_ANG_CMV1.sc63,2dpt,MTZ,B08,CMV
B08_2dpt_ANG_CMV1.sc64,2dpt,MTZ,B08,CMV
B08_2dpt_ANG_CMV1.sc65,2dpt,MTZ,B08,CMV
B08_2dpt_ANG_CMV1.sc66,2dpt,MTZ,B08,CMV
B08_2dpt_ANG_CMV1.sc67,2dpt,MTZ,B08,CMV
B08_2dpt_ANG_CMV1.sc68,2dpt,MTZ,B08,CMV
B08_2dpt_ANG_CMV2.sc2,2dpt,MTZ,B08,CMV
B08_2dpt_ANG_CMV2.sc13,2dpt,MTZ,B08,CMV
B08_2dpt_ANG_CMV2.sc14,2dpt,MTZ,B08,CMV
B08_2dpt_ANG_CMV2.sc15,2dpt,MTZ,B08,CMV
B08_2dpt_ANG_CMV2.sc1,2dpt,MTZ,B08,CMV
B08_2dpt_ANG_CMV2.sc69,2dpt,MTZ,B08,CMV
B08_2dpt_ANG_CMV2.sc16,2dpt,MTZ,B08,CMV
B08_2dpt_ANG_CMV2.sc70,2dpt,MTZ,B08,CMV
B08_2dpt_ANG_CMV2.sc71,2dpt,MTZ,B08,CMV
B08_2dpt_ANG_CMV2.sc17,2dpt,MTZ,B08,CMV
B08_2dpt_ANG_CMV2.sc72,2dpt,MTZ,B08,CMV
B08_2dpt_ANG_CMV2.sc73,2dpt,MTZ,B08,CMV
B08_2dpt_ANG_CMV2.sc10,2dpt,MTZ,B08,CMV
B08_2dpt_ANG_CMV2.sc18,2dpt,MTZ,B08,CMV
B08_2dpt_ANG_CMV2.sc74,2dpt,MTZ,B08,CMV
B08_2dpt_ANG_CMV2.sc75,2dpt,MTZ,B08,CMV
B08_2dpt_ANG_CMV2.sc19,2dpt,MTZ,B08,CMV
B08_2dpt_ANG_CMV2.sc6,2dpt,MTZ,B08,CMV
B08_2dpt_ANG_CMV2.sc5,2dpt,MTZ,B08,CMV
B08_2dpt_ANG_CMV2.sc20,2dpt,MTZ,B08,CMV
B08_2dpt_ANG_CMV2.sc21,2dpt,MTZ,B08,CMV
B08_2dpt_ANG_CMV2.sc22,2dpt,MTZ,B08,CMV
B08_2dpt_ANG_CMV2.sc23,2dpt,MTZ,B08,CMV
B08_2dpt_ANG_CMV2.sc24,2dpt,MTZ,B08,CMV
B08_2dpt_ANG_CMV2.sc25,2dpt,MTZ,B08,CMV
B08_2dpt_ANG_CMV2.sc76,2dpt,MTZ,B08,CMV
B08_2dpt_ANG_CMV2.sc77,2dpt,MTZ,B08,CMV
B08_2dpt_ANG_CMV2.sc26,2dpt,MTZ,B08,CMV
B08_2dpt_ANG_CMV2.sc78,2dpt,MTZ,B08,CMV
B08_2dpt_ANG_CMV2.sc79,2dpt,MTZ,B08,CMV
B08_2dpt_ANG_CMV2.sc12,2dpt,MTZ,B08,CMV
B08_2dpt_ANG_CMV2.sc27,2dpt,MTZ,B08,CMV
B08_2dpt_ANG_CMV2.sc4,2dpt,MTZ,B08,CMV
B08_2dpt_ANG_CMV2.sc80,2dpt,MTZ,B08,CMV
B08_2dpt_ANG_CMV2.sc81,2dpt,MTZ,B08,CMV
B08_2dpt_ANG_CMV2.sc28,2dpt,MTZ,B08,CMV
B08_2dpt_ANG_CMV2.sc3,2dpt,MTZ,B08,CMV
B08_2dpt_ANG_CMV2.sc29,2dpt,MTZ,B08,CMV
B08_2dpt_ANG_CMV2.sc82,2dpt,MTZ,B08,CMV
B08_2dpt_ANG_CMV2.sc30,2dpt,MTZ,B08,CMV
B08_2dpt_ANG_CMV2.sc31,2dpt,MTZ,B08,CMV
B08_2dpt_ANG_CMV2.sc83,2dpt,MTZ,B08,CMV
B08_2dpt_ANG_CMV2.sc32,2dpt,MTZ,B08,CMV
B08_2dpt_ANG_CMV2.sc84,2dpt,MTZ,B08,CMV
B08_2dpt_ANG_CMV2.sc33,2dpt,MTZ,B08,CMV
B08_2dpt_ANG_CMV2.sc7,2dpt,MTZ,B08,CMV
B08_2dpt_ANG_CMV2.sc34,2dpt,MTZ,B08,CMV
B08_2dpt_ANG_CMV2.sc35,2dpt,MTZ,B08,CMV
B08_2dpt_ANG_CMV2.sc8,2dpt,MTZ,B08,CMV
B08_2dpt_ANG_CMV2.sc36,2dpt,MTZ,B08,CMV
B08_2dpt_ANG_CMV2.sc85,2dpt,MTZ,B08,CMV
B08_2dpt_ANG_CMV2.sc37,2dpt,MTZ,B08,CMV
B08_2dpt_ANG_CMV2.sc86,2dpt,MTZ,B08,CMV
B08_2dpt_ANG_CMV2.sc38,2dpt,MTZ,B08,CMV
B08_2dpt_ANG_CMV2.sc87,2dpt,MTZ,B08,CMV
B08_2dpt_ANG_CMV2.sc39,2dpt,MTZ,B08,CMV
B08_2dpt_ANG_CMV2.sc88,2dpt,MTZ,B08,CMV
B08_2dpt_ANG_CMV2.sc40,2dpt,MTZ,B08,CMV
B08_2dpt_ANG_CMV2.sc89,2dpt,MTZ,B08,CMV
B08_2dpt_ANG_CMV2.sc41,2dpt,MTZ,B08,CMV
B08_2dpt_ANG_CMV2.sc42,2dpt,MTZ,B08,CMV
B08_2dpt_ANG_CMV2.sc9,2dpt,MTZ,B08,CMV
B08_2dpt_ANG_CMV2.sc90,2dpt,MTZ,B08,CMV
B08_2dpt_ANG_CMV2.sc91,2dpt,MTZ,B08,CMV
B08_2dpt_ANG_CMV2.sc43,2dpt,MTZ,B08,CMV
B08_2dpt_ANG_CMV2.sc44,2dpt,MTZ,B08,CMV
B08_2dpt_ANG_CMV2.sc45,2dpt,MTZ,B08,CMV
B08_2dpt_ANG_CMV2.sc11,2dpt,MTZ,B08,CMV
B08_2dpt_ANG_CMV2.sc92,2dpt,MTZ,B08,CMV
B08_2dpt_ANG_CMV2.sc46,2dpt,MTZ,B08,CMV
B08_2dpt_ANG_CMV2.sc93,2dpt,MTZ,B08,CMV
B08_2dpt_ANG_CMV2.sc47,2dpt,MTZ,B08,CMV
B08_2dpt_ANG_CMV2.sc48,2dpt,MTZ,B08,CMV
B08_2dpt_ANG_CMV2.sc94,2dpt,MTZ,B08,CMV
B08_2dpt_ANG_CMV2.sc49,2dpt,MTZ,B08,CMV
B08_2dpt_ANG_CMV2.sc95,2dpt,MTZ,B08,CMV
B08_2dpt_ANG_CMV2.sc96,2dpt,MTZ,B08,CMV
B08_2dpt_ANG_CMV2.sc50,2dpt,MTZ,B08,CMV
B08_2dpt_ANG_CMV2.sc51,2dpt,MTZ,B08,CMV
B08_2dpt_ANG_CMV2.sc52,2dpt,MTZ,B08,CMV
B08_2dpt_ANG_CMV2.sc53,2dpt,MTZ,B08,CMV
B08_2dpt_ANG_CMV2.sc54,2dpt,MTZ,B08,CMV
B08_2dpt_ANG_CMV2.sc55,2dpt,MTZ,B08,CMV
B08_2dpt_ANG_CMV2.sc56,2dpt,MTZ,B08,CMV
B08_2dpt_ANG_CMV2.sc57,2dpt,MTZ,B08,CMV
B08_2dpt_ANG_CMV2.sc58,2dpt,MTZ,B08,CMV
B08_2dpt_ANG_CMV2.sc59,2dpt,MTZ,B08,CMV
B08_2dpt_ANG_CMV2.sc60,2dpt,MTZ,B08,CMV
B08_2dpt_ANG_CMV2.sc61,2dpt,MTZ,B08,CMV
B08_2dpt_ANG_CMV2.sc62,2dpt,MTZ,B08,CMV
B08_2dpt_ANG_CMV2.sc63,2dpt,MTZ,B08,CMV
B08_2dpt_ANG_CMV2.sc64,2dpt,MTZ,B08,CMV
B08_2dpt_ANG_CMV2.sc65,2dpt,MTZ,B08,CMV
B08_2dpt_ANG_CMV2.sc66,2dpt,MTZ,B08,CMV
B08_2dpt_ANG_CMV2.sc67,2dpt,MTZ,B08,CMV
B08_2dpt_ANG_CMV2.sc68,2dpt,MTZ,B08,CMV
