cell,timepoint,condition,run,VA
B01_1dpt_MTZ_V1.sc1,1dpt,MTZ,B01,V1
B01_1dpt_MTZ_V1.sc2,1dpt,MTZ,B01,V1
B01_1dpt_MTZ_V1.sc3,1dpt,MTZ,B01,V1
B01_1dpt_MTZ_V1.sc4,1dpt,MTZ,B01,V1
B01_1dpt_MTZ_V1.sc5,1dpt,MTZ,B01,V1
B01_1dpt_MTZ_V1.sc6,1dpt,MTZ,B01,V1
B01_1dpt_MTZ_V1.sc7,1dpt,MTZ,B01,V1
B01_1dpt_MTZ_V1.sc8,1dpt,MTZ,B01,V1
B01_1dpt_MTZ_V1.sc9,1dpt,MTZ,B01,V1
B01_1dpt_MTZ_V1.sc10,1dpt,MTZ,B01,V1
B01_1dpt_MTZ_V1.sc11,1dpt,MTZ,B01,V1
B01_1dpt_MTZ_V1.sc12,1dpt,MTZ,B01,V1
B01_1dpt_MTZ_V1.sc13,1dpt,MTZ,B01,V1
B01_1dpt_MTZ_V1.sc14,1dpt,MTZ,B01,V1
B01_1dpt_MTZ_V1.sc15,1dpt,MTZ,B01,V1
B01_1dpt_MTZ_V1.sc16,1dpt,MTZ,B01,V1
B01_1dpt_MTZ_V1.sc17,1dpt,MTZ,B01,V1
B01_1dpt_MTZ_V1.sc18,1dpt,MTZ,B01,V1
B01_1dpt_MTZ_V1.sc19,1dpt,MTZ,B01,V1
B01_1dpt_MTZ_V1.sc20,1dpt,MTZ,B01,V1
B01_1dpt_MTZ_V1.sc21,1dpt,MTZ,B01,V1
B01_1dpt_MTZ_V1.sc22,1dpt,MTZ,B01,V1
B01_1dpt_MTZ_V1.sc23,1dpt,MTZ,B01,V1
B01_1dpt_MTZ_V1.sc24,1dpt,MTZ,B01,V1
B01_1dpt_MTZ_V1.sc25,1dpt,MTZ,B01,V1
B01_1dpt_MTZ_V1.sc26,1dpt,MTZ,B01,V1
B01_1dpt_MTZ_V1.sc27,1dpt,MTZ,B01,V1
B01_1dpt_MTZ_V1.sc28,1dpt,MTZ,B01,V1
B01_1dpt_MTZ_V1.sc29,1dpt,MTZ,B01,V1
B01_1dpt_MTZ_V1.sc30,1dpt,MTZ,B01,V1
B01_1dpt_MTZ_V1.sc31,1dpt,MTZ,B01,V1
B01_1dpt_MTZ_V1.sc32,1dpt,MTZ,B01,V1
B01_1dpt_MTZ_V1.sc33,1dpt,MTZ,B01,V1
B01_1dpt_MTZ_V1.sc34,1dpt,MTZ,B01,V1
B01_1dpt_MTZ_V1.sc35,1dpt,MTZ,B01,V1
B01_1dpt_MTZ_V1.sc36,1dpt,MTZ,B01,V1
B01_1dpt_MTZ_V1.sc37,1dpt,MTZ,B01,V1
B01_1dpt_MTZ_V1.sc38,1dpt,MTZ,B01,V1
B01_1dpt_MTZ_V1.sc39,1dpt,MTZ,B01,V1
B01_1dpt_MTZ_V1.sc40,1dpt,MTZ,B01,V1
B01_1dpt_MTZ_V1.sc41,1dpt,MTZ,B01,V1
B01_1dpt_MTZ_V1.sc42,1dpt,MTZ,B01,V1
B01_1dpt_MTZ_V1.sc43,1dpt,MTZ,B01,V1
B01_1dpt_MTZ_V1.sc44,1dpt,MTZ,B01,V1
B01_1dpt_MTZ_V1.sc45,1dpt,MTZ,B01,V1
B01_1dpt_MTZ_V1.sc46,1dpt,MTZ,B01,V1
B01_1dpt_MTZ_V1.sc47,1dpt,MTZ,B01,V1
B01_1dpt_MTZ_V1.sc48,1dpt,MTZ,B01,V1
B01_1dpt_MTZ_V2.sc49,1dpt,MTZ,B01,V2
B01_1dpt_MTZ_V2.sc50,1dpt,MTZ,B01,V2
B01_1dpt_MTZ_V2.sc51,1dpt,MTZ,B01,V2
B01_1dpt_MTZ_V2.sc52,1dpt,MTZ,B01,V2
B01_1dpt_MTZ_V2.sc53,1dpt,MTZ,B01,V2
B01_1dpt_MTZ_V2.sc54,1dpt,MTZ,B01,V2
B01_1dpt_MTZ_V2.sc55,1dpt,MTZ,B01,V2
B01_1dpt_MTZ_V2.sc56,1dpt,MTZ,B01,V2
B01_1dpt_MTZ_V2.sc57,1dpt,MTZ,B01,V2
B01_1dpt_MTZ_V2.sc58,1dpt,MTZ,B01,V2
B01_1dpt_MTZ_V2.sc59,1dpt,MTZ,B01,V2
B01_1dpt_MTZ_V2.sc60,1dpt,MTZ,B01,V2
B01_1dpt_MTZ_V2.sc61,1dpt,MTZ,B01,V2
B01_1dpt_MTZ_V2.sc62,1dpt,MTZ,B01,V2
B01_1dpt_MTZ_V2.sc63,1dpt,MTZ,B01,V2
B01_1dpt_MTZ_V2.sc64,1dpt,MTZ,B01,V2
B01_1dpt_MTZ_V2.sc65,1dpt,MTZ,B01,V2
B01_1dpt_MTZ_V2.sc66,1dpt,MTZ,B01,V2
B01_1dpt_MTZ_V2.sc67,1dpt,MTZ,B01,V2
B01_1dpt_MTZ_V2.sc68,1dpt,MTZ,B01,V2
B01_1dpt_MTZ_V2.sc69,1dpt,MTZ,B01,V2
B01_1dpt_MTZ_V2.sc70,1dpt,MTZ,B01,V2
B01_1dpt_MTZ_V2.sc71,1dpt,MTZ,B01,V2
B01_1dpt_MTZ_V2.sc72,1dpt,MTZ,B01,V2
B01_1dpt_MTZ_V2.sc73,1dpt,MTZ,B01,V2
B01_1dpt_MTZ_V2.sc74,1dpt,MTZ,B01,V2
B01_1dpt_MTZ_V2.sc75,1dpt,MTZ,B01,V2
B01_1dpt_MTZ_V2.sc76,1dpt,MTZ,B01,V2
B01_1dpt_MTZ_V2.sc77,1dpt,MTZ,B01,V2
B01_1dpt_MTZ_V2.sc78,1dpt,MTZ,B01,V2
B01_1dpt_MTZ_V2.sc79,1dpt,MTZ,B01,V2
B01_1dpt_MTZ_V2.sc80,1dpt,MTZ,B01,V2
B01_1dpt_MTZ_V2.sc81,1dpt,MTZ,B01,V2
B01_1dpt_MTZ_V2.sc82,1dpt,MTZ,B01,V2
B01_1dpt_MTZ_V2.sc83,1dpt,MTZ,B01,V2
B01_1dpt_MTZ_V2.sc84,1dpt,MTZ,B01,V2
B01_1dpt_MTZ_V2.sc85,1dpt,MTZ,B01,V2
B01_1dpt_MTZ_V2.sc86,1dpt,MTZ,B01,V2
B01_1dpt_MTZ_V2.sc87,1dpt,MTZ,B01,V2
B01_1dpt_MTZ_V2.sc88,1dpt,MTZ,B01,V2
B01_1dpt_MTZ_V2.sc89,1dpt,MTZ,B01,V2
B01_1dpt_MTZ_V2.sc90,1dpt,MTZ,B01,V2
B01_1dpt_MTZ_V2.sc91,1dpt,MTZ,B01,V2
B01_1dpt_MTZ_V2.sc92,1dpt,MTZ,B01,V2
B01_1dpt_MTZ_V2.sc93,1dpt,MTZ,B01,V2
B01_1dpt_MTZ_V2.sc94,1dpt,MTZ,B01,V2
B01_1dpt_MTZ_V2.sc95,1dpt,MTZ,B01,V2
B01_1dpt_MTZ_V2.sc96,1dpt,MTZ,B01,V2
B01_1dpt_CT_V1.sc33,1dpt,CT,B01,V1
B01_1dpt_CT_V1.sc34,1dpt,CT,B01,V1
B01_1dpt_CT_V1.sc35,1dpt,CT,B01,V1
B01_1dpt_CT_V1.sc36,1dpt,CT,B01,V1
B01_1dpt_CT_V1.sc37,1dpt,CT,B01,V1
B01_1dpt_CT_V1.sc38,1dpt,CT,B01,V1
B01_1dpt_CT_V1.sc39,1dpt,CT,B01,V1
B01_1dpt_CT_V1.sc40,1dpt,CT,B01,V1
B01_1dpt_CT_V1.sc41,1dpt,CT,B01,V1
B01_1dpt_CT_V1.sc42,1dpt,CT,B01,V1
B01_1dpt_CT_V1.sc43,1dpt,CT,B01,V1
B01_1dpt_CT_V1.sc44,1dpt,CT,B01,V1
B01_1dpt_CT_V1.sc45,1dpt,CT,B01,V1
B01_1dpt_CT_V1.sc46,1dpt,CT,B01,V1
B01_1dpt_CT_V1.sc47,1dpt,CT,B01,V1
B01_1dpt_CT_V1.sc48,1dpt,CT,B01,V1
B01_1dpt_CT_V1.sc49,1dpt,CT,B01,V1
B01_1dpt_CT_V1.sc50,1dpt,CT,B01,V1
B01_1dpt_CT_V1.sc51,1dpt,CT,B01,V1
B01_1dpt_CT_V1.sc52,1dpt,CT,B01,V1
B01_1dpt_CT_V1.sc53,1dpt,CT,B01,V1
B01_1dpt_CT_V1.sc54,1dpt,CT,B01,V1
B01_1dpt_CT_V1.sc55,1dpt,CT,B01,V1
B01_1dpt_CT_V1.sc56,1dpt,CT,B01,V1
B01_1dpt_CT_V1.sc57,1dpt,CT,B01,V1
B01_1dpt_CT_V1.sc58,1dpt,CT,B01,V1
B01_1dpt_CT_V1.sc59,1dpt,CT,B01,V1
B01_1dpt_CT_V1.sc60,1dpt,CT,B01,V1
B01_1dpt_CT_V1.sc61,1dpt,CT,B01,V1
B01_1dpt_CT_V1.sc62,1dpt,CT,B01,V1
B01_1dpt_CT_V1.sc63,1dpt,CT,B01,V1
B01_1dpt_CT_V1.sc64,1dpt,CT,B01,V1
B02_1dpt_MTZ_AV1.sc1,1dpt,MTZ,B02,AV1
B02_1dpt_MTZ_AV1.sc2,1dpt,MTZ,B02,AV1
B02_1dpt_MTZ_AV1.sc3,1dpt,MTZ,B02,AV1
B02_1dpt_MTZ_AV1.sc4,1dpt,MTZ,B02,AV1
B02_1dpt_MTZ_AV1.sc5,1dpt,MTZ,B02,AV1
B02_1dpt_MTZ_AV1.sc6,1dpt,MTZ,B02,AV1
B02_1dpt_MTZ_AV1.sc7,1dpt,MTZ,B02,AV1
B02_1dpt_MTZ_AV1.sc8,1dpt,MTZ,B02,AV1
B02_1dpt_MTZ_AV1.sc9,1dpt,MTZ,B02,AV1
B02_1dpt_MTZ_AV1.sc10,1dpt,MTZ,B02,AV1
B02_1dpt_MTZ_AV1.sc11,1dpt,MTZ,B02,AV1
B02_1dpt_MTZ_AV1.sc12,1dpt,MTZ,B02,AV1
B02_1dpt_MTZ_AV1.sc13,1dpt,MTZ,B02,AV1
B02_1dpt_MTZ_AV1.sc14,1dpt,MTZ,B02,AV1
B02_1dpt_MTZ_AV1.sc15,1dpt,MTZ,B02,AV1
B02_1dpt_MTZ_AV1.sc16,1dpt,MTZ,B02,AV1
B02_1dpt_MTZ_AV1.sc17,1dpt,MTZ,B02,AV1
B02_1dpt_MTZ_AV1.sc18,1dpt,MTZ,B02,AV1
B02_1dpt_MTZ_AV1.sc19,1dpt,MTZ,B02,AV1
B02_1dpt_MTZ_AV1.sc20,1dpt,MTZ,B02,AV1
B02_1dpt_MTZ_AV1.sc21,1dpt,MTZ,B02,AV1
B02_1dpt_MTZ_AV1.sc22,1dpt,MTZ,B02,AV1
B02_1dpt_MTZ_AV1.sc23,1dpt,MTZ,B02,AV1
B02_1dpt_MTZ_AV1.sc24,1dpt,MTZ,B02,AV1
B02_1dpt_MTZ_AV1.sc25,1dpt,MTZ,B02,AV1
B02_1dpt_MTZ_AV1.sc26,1dpt,MTZ,B02,AV1
B02_1dpt_MTZ_AV1.sc27,1dpt,MTZ,B02,AV1
B02_1dpt_MTZ_AV1.sc28,1dpt,MTZ,B02,AV1
B02_1dpt_MTZ_AV1.sc29,1dpt,MTZ,B02,AV1
B02_1dpt_MTZ_AV1.sc30,1dpt,MTZ,B02,AV1
B02_1dpt_MTZ_AV1.sc31,1dpt,MTZ,B02,AV1
B02_1dpt_MTZ_AV1.sc32,1dpt,MTZ,B02,AV1
B02_1dpt_MTZ_AV1.sc33,1dpt,MTZ,B02,AV1
B02_1dpt_MTZ_AV1.sc34,1dpt,MTZ,B02,AV1
B02_1dpt_MTZ_AV1.sc35,1dpt,MTZ,B02,AV1
B02_1dpt_MTZ_AV1.sc36,1dpt,MTZ,B02,AV1
B02_1dpt_MTZ_AV1.sc37,1dpt,MTZ,B02,AV1
B02_1dpt_MTZ_AV1.sc38,1dpt,MTZ,B02,AV1
B02_1dpt_MTZ_AV1.sc39,1dpt,MTZ,B02,AV1
B02_1dpt_MTZ_AV1.sc40,1dpt,MTZ,B02,AV1
B02_1dpt_MTZ_AV1.sc41,1dpt,MTZ,B02,AV1
B02_1dpt_MTZ_AV1.sc42,1dpt,MTZ,B02,AV1
B02_1dpt_MTZ_AV1.sc43,1dpt,MTZ,B02,AV1
B02_1dpt_MTZ_AV1.sc44,1dpt,MTZ,B02,AV1
B02_1dpt_MTZ_AV1.sc45,1dpt,MTZ,B02,AV1
B02_1dpt_MTZ_AV1.sc46,1dpt,MTZ,B02,AV1
B02_1dpt_MTZ_AV1.sc47,1dpt,MTZ,B02,AV1
B02_1dpt_MTZ_AV1.sc48,1dpt,MTZ,B02,AV1
B02_1dpt_MTZ_AV2.sc49,1dpt,MTZ,B02,AV2
B02_1dpt_MTZ_AV2.sc50,1dpt,MTZ,B02,AV2
B02_1dpt_MTZ_AV2.sc51,1dpt,MTZ,B02,AV2
B02_1dpt_MTZ_AV2.sc52,1dpt,MTZ,B02,AV2
B02_1dpt_MTZ_AV2.sc53,1dpt,MTZ,B02,AV2
B02_1dpt_MTZ_AV2.sc54,1dpt,MTZ,B02,AV2
B02_1dpt_MTZ_AV2.sc55,1dpt,MTZ,B02,AV2
B02_1dpt_MTZ_AV2.sc56,1dpt,MTZ,B02,AV2
B02_1dpt_MTZ_AV2.sc57,1dpt,MTZ,B02,AV2
B02_1dpt_MTZ_AV2.sc58,1dpt,MTZ,B02,AV2
B02_1dpt_MTZ_AV2.sc59,1dpt,MTZ,B02,AV2
B02_1dpt_MTZ_AV2.sc60,1dpt,MTZ,B02,AV2
B02_1dpt_MTZ_AV2.sc61,1dpt,MTZ,B02,AV2
B02_1dpt_MTZ_AV2.sc62,1dpt,MTZ,B02,AV2
B02_1dpt_MTZ_AV2.sc63,1dpt,MTZ,B02,AV2
B02_1dpt_MTZ_AV2.sc64,1dpt,MTZ,B02,AV2
B02_1dpt_MTZ_AV2.sc65,1dpt,MTZ,B02,AV2
B02_1dpt_MTZ_AV2.sc66,1dpt,MTZ,B02,AV2
B02_1dpt_MTZ_AV2.sc67,1dpt,MTZ,B02,AV2
B02_1dpt_MTZ_AV2.sc68,1dpt,MTZ,B02,AV2
B02_1dpt_MTZ_AV2.sc69,1dpt,MTZ,B02,AV2
B02_1dpt_MTZ_AV2.sc70,1dpt,MTZ,B02,AV2
B02_1dpt_MTZ_AV2.sc71,1dpt,MTZ,B02,AV2
B02_1dpt_MTZ_AV2.sc72,1dpt,MTZ,B02,AV2
B02_1dpt_MTZ_AV2.sc73,1dpt,MTZ,B02,AV2
B02_1dpt_MTZ_AV2.sc74,1dpt,MTZ,B02,AV2
B02_1dpt_MTZ_AV2.sc75,1dpt,MTZ,B02,AV2
B02_1dpt_MTZ_AV2.sc76,1dpt,MTZ,B02,AV2
B02_1dpt_MTZ_AV2.sc77,1dpt,MTZ,B02,AV2
B02_1dpt_MTZ_AV2.sc78,1dpt,MTZ,B02,AV2
B02_1dpt_MTZ_AV2.sc79,1dpt,MTZ,B02,AV2
B02_1dpt_MTZ_AV2.sc80,1dpt,MTZ,B02,AV2
B02_1dpt_MTZ_AV2.sc81,1dpt,MTZ,B02,AV2
B02_1dpt_MTZ_AV2.sc82,1dpt,MTZ,B02,AV2
B02_1dpt_MTZ_AV2.sc83,1dpt,MTZ,B02,AV2
B02_1dpt_MTZ_AV2.sc84,1dpt,MTZ,B02,AV2
B02_1dpt_MTZ_AV2.sc85,1dpt,MTZ,B02,AV2
B02_1dpt_MTZ_AV2.sc86,1dpt,MTZ,B02,AV2
B02_1dpt_MTZ_AV2.sc87,1dpt,MTZ,B02,AV2
B02_1dpt_MTZ_AV2.sc88,1dpt,MTZ,B02,AV2
B02_1dpt_MTZ_AV2.sc89,1dpt,MTZ,B02,AV2
B02_1dpt_MTZ_AV2.sc90,1dpt,MTZ,B02,AV2
B02_1dpt_MTZ_AV2.sc91,1dpt,MTZ,B02,AV2
B02_1dpt_MTZ_AV2.sc92,1dpt,MTZ,B02,AV2
B02_1dpt_MTZ_AV2.sc93,1dpt,MTZ,B02,AV2
B02_1dpt_MTZ_AV2.sc94,1dpt,MTZ,B02,AV2
B02_1dpt_MTZ_AV2.sc95,1dpt,MTZ,B02,AV2
B02_1dpt_MTZ_AV2.sc96,1dpt,MTZ,B02,AV2
B02_1dpt_CT_AV3.sc1,1dpt,CT,B02,AV3
B02_1dpt_CT_AV3.sc2,1dpt,CT,B02,AV3
B02_1dpt_CT_AV3.sc3,1dpt,CT,B02,AV3
B02_1dpt_CT_AV3.sc4,1dpt,CT,B02,AV3
B02_1dpt_CT_AV3.sc5,1dpt,CT,B02,AV3
B02_1dpt_CT_AV3.sc6,1dpt,CT,B02,AV3
B02_1dpt_CT_AV3.sc7,1dpt,CT,B02,AV3
B02_1dpt_CT_AV3.sc8,1dpt,CT,B02,AV3
B02_1dpt_CT_AV3.sc9,1dpt,CT,B02,AV3
B02_1dpt_CT_AV3.sc10,1dpt,CT,B02,AV3
B02_1dpt_CT_AV3.sc11,1dpt,CT,B02,AV3
B02_1dpt_CT_AV3.sc12,1dpt,CT,B02,AV3
B02_1dpt_CT_AV3.sc13,1dpt,CT,B02,AV3
B02_1dpt_CT_AV3.sc14,1dpt,CT,B02,AV3
B02_1dpt_CT_AV3.sc15,1dpt,CT,B02,AV3
B02_1dpt_CT_AV3.sc16,1dpt,CT,B02,AV3
B02_1dpt_CT_AV3.sc17,1dpt,CT,B02,AV3
B02_1dpt_CT_AV3.sc18,1dpt,CT,B02,AV3
B02_1dpt_CT_AV3.sc19,1dpt,CT,B02,AV3
B02_1dpt_CT_AV3.sc20,1dpt,CT,B02,AV3
B02_1dpt_CT_AV3.sc21,1dpt,CT,B02,AV3
B02_1dpt_CT_AV3.sc22,1dpt,CT,B02,AV3
B02_1dpt_CT_AV3.sc23,1dpt,CT,B02,AV3
B02_1dpt_CT_AV3.sc24,1dpt,CT,B02,AV3
B02_1dpt_CT_AV3.sc25,1dpt,CT,B02,AV3
B02_1dpt_CT_AV3.sc26,1dpt,CT,B02,AV3
B02_1dpt_CT_AV3.sc27,1dpt,CT,B02,AV3
B02_1dpt_CT_AV3.sc28,1dpt,CT,B02,AV3
B02_1dpt_CT_AV3.sc29,1dpt,CT,B02,AV3
B02_1dpt_CT_AV3.sc30,1dpt,CT,B02,AV3
B02_1dpt_CT_AV3.sc31,1dpt,CT,B02,AV3
B02_1dpt_CT_AV3.sc32,1dpt,CT,B02,AV3
B02_1dpt_CT_AV3.sc33,1dpt,CT,B02,AV3
B02_1dpt_CT_AV3.sc34,1dpt,CT,B02,AV3
B02_1dpt_CT_AV3.sc35,1dpt,CT,B02,AV3
B02_1dpt_CT_AV3.sc36,1dpt,CT,B02,AV3
B02_1dpt_CT_AV3.sc37,1dpt,CT,B02,AV3
B02_1dpt_CT_AV3.sc38,1dpt,CT,B02,AV3
B02_1dpt_CT_AV3.sc39,1dpt,CT,B02,AV3
B02_1dpt_CT_AV3.sc40,1dpt,CT,B02,AV3
B02_1dpt_CT_AV3.sc41,1dpt,CT,B02,AV3
B02_1dpt_CT_AV3.sc42,1dpt,CT,B02,AV3
B02_1dpt_CT_AV3.sc43,1dpt,CT,B02,AV3
B02_1dpt_CT_AV3.sc44,1dpt,CT,B02,AV3
B02_1dpt_CT_AV3.sc45,1dpt,CT,B02,AV3
B02_1dpt_CT_AV3.sc46,1dpt,CT,B02,AV3
B02_1dpt_CT_AV3.sc47,1dpt,CT,B02,AV3
B02_1dpt_CT_AV3.sc48,1dpt,CT,B02,AV3
B02_1dpt_CT_AV4.sc49,1dpt,CT,B02,AV4
B02_1dpt_CT_AV4.sc50,1dpt,CT,B02,AV4
B02_1dpt_CT_AV4.sc51,1dpt,CT,B02,AV4
B02_1dpt_CT_AV4.sc52,1dpt,CT,B02,AV4
B02_1dpt_CT_AV4.sc53,1dpt,CT,B02,AV4
B02_1dpt_CT_AV4.sc54,1dpt,CT,B02,AV4
B02_1dpt_CT_AV4.sc55,1dpt,CT,B02,AV4
B02_1dpt_CT_AV4.sc56,1dpt,CT,B02,AV4
B02_1dpt_CT_AV4.sc57,1dpt,CT,B02,AV4
B02_1dpt_CT_AV4.sc58,1dpt,CT,B02,AV4
B02_1dpt_CT_AV4.sc59,1dpt,CT,B02,AV4
B02_1dpt_CT_AV4.sc60,1dpt,CT,B02,AV4
B02_1dpt_CT_AV4.sc61,1dpt,CT,B02,AV4
B02_1dpt_CT_AV4.sc62,1dpt,CT,B02,AV4
B02_1dpt_CT_AV4.sc63,1dpt,CT,B02,AV4
B02_1dpt_CT_AV4.sc64,1dpt,CT,B02,AV4
B02_1dpt_CT_AV4.sc65,1dpt,CT,B02,AV4
B02_1dpt_CT_AV4.sc66,1dpt,CT,B02,AV4
B02_1dpt_CT_AV4.sc67,1dpt,CT,B02,AV4
B02_1dpt_CT_AV4.sc68,1dpt,CT,B02,AV4
B02_1dpt_CT_AV4.sc69,1dpt,CT,B02,AV4
B02_1dpt_CT_AV4.sc70,1dpt,CT,B02,AV4
B02_1dpt_CT_AV4.sc71,1dpt,CT,B02,AV4
B02_1dpt_CT_AV4.sc72,1dpt,CT,B02,AV4
B02_1dpt_CT_AV4.sc73,1dpt,CT,B02,AV4
B02_1dpt_CT_AV4.sc74,1dpt,CT,B02,AV4
B02_1dpt_CT_AV4.sc75,1dpt,CT,B02,AV4
B02_1dpt_CT_AV4.sc76,1dpt,CT,B02,AV4
B02_1dpt_CT_AV4.sc77,1dpt,CT,B02,AV4
B02_1dpt_CT_AV4.sc78,1dpt,CT,B02,AV4
B02_1dpt_CT_AV4.sc79,1dpt,CT,B02,AV4
B02_1dpt_CT_AV4.sc80,1dpt,CT,B02,AV4
B02_1dpt_CT_AV4.sc81,1dpt,CT,B02,AV4
B02_1dpt_CT_AV4.sc82,1dpt,CT,B02,AV4
B02_1dpt_CT_AV4.sc83,1dpt,CT,B02,AV4
B02_1dpt_CT_AV4.sc84,1dpt,CT,B02,AV4
B02_1dpt_CT_AV4.sc85,1dpt,CT,B02,AV4
B02_1dpt_CT_AV4.sc86,1dpt,CT,B02,AV4
B02_1dpt_CT_AV4.sc87,1dpt,CT,B02,AV4
B02_1dpt_CT_AV4.sc88,1dpt,CT,B02,AV4
B02_1dpt_CT_AV4.sc89,1dpt,CT,B02,AV4
B02_1dpt_CT_AV4.sc90,1dpt,CT,B02,AV4
B02_1dpt_CT_AV4.sc91,1dpt,CT,B02,AV4
B02_1dpt_CT_AV4.sc92,1dpt,CT,B02,AV4
B02_1dpt_CT_AV4.sc93,1dpt,CT,B02,AV4
B02_1dpt_CT_AV4.sc94,1dpt,CT,B02,AV4
B02_1dpt_CT_AV4.sc95,1dpt,CT,B02,AV4
B02_1dpt_CT_AV4.sc96,1dpt,CT,B02,AV4
B03_4dpt_MTZ_AV1.sc1,4dpt,MTZ,B03,AV1
B03_4dpt_MTZ_AV1.sc2,4dpt,MTZ,B03,AV1
B03_4dpt_MTZ_AV1.sc3,4dpt,MTZ,B03,AV1
B03_4dpt_MTZ_AV1.sc4,4dpt,MTZ,B03,AV1
B03_4dpt_MTZ_AV1.sc5,4dpt,MTZ,B03,AV1
B03_4dpt_MTZ_AV1.sc6,4dpt,MTZ,B03,AV1
B03_4dpt_MTZ_AV1.sc7,4dpt,MTZ,B03,AV1
B03_4dpt_MTZ_AV1.sc8,4dpt,MTZ,B03,AV1
B03_4dpt_MTZ_AV1.sc9,4dpt,MTZ,B03,AV1
B03_4dpt_MTZ_AV1.sc10,4dpt,MTZ,B03,AV1
B03_4dpt_MTZ_AV1.sc11,4dpt,MTZ,B03,AV1
B03_4dpt_MTZ_AV1.sc12,4dpt,MTZ,B03,AV1
B03_4dpt_MTZ_AV1.sc13,4dpt,MTZ,B03,AV1
B03_4dpt_MTZ_AV1.sc14,4dpt,MTZ,B03,AV1
B03_4dpt_MTZ_AV1.sc15,4dpt,MTZ,B03,AV1
B03_4dpt_MTZ_AV1.sc16,4dpt,MTZ,B03,AV1
B03_4dpt_MTZ_AV1.sc17,4dpt,MTZ,B03,AV1
B03_4dpt_MTZ_AV1.sc18,4dpt,MTZ,B03,AV1
B03_4dpt_MTZ_AV1.sc19,4dpt,MTZ,B03,AV1
B03_4dpt_MTZ_AV1.sc20,4dpt,MTZ,B03,AV1
B03_4dpt_MTZ_AV1.sc21,4dpt,MTZ,B03,AV1
B03_4dpt_MTZ_AV1.sc22,4dpt,MTZ,B03,AV1
B03_4dpt_MTZ_AV1.sc23,4dpt,MTZ,B03,AV1
B03_4dpt_MTZ_AV1.sc24,4dpt,MTZ,B03,AV1
B03_4dpt_MTZ_AV1.sc25,4dpt,MTZ,B03,AV1
B03_4dpt_MTZ_AV1.sc26,4dpt,MTZ,B03,AV1
B03_4dpt_MTZ_AV1.sc27,4dpt,MTZ,B03,AV1
B03_4dpt_MTZ_AV1.sc28,4dpt,MTZ,B03,AV1
B03_4dpt_MTZ_AV1.sc29,4dpt,MTZ,B03,AV1
B03_4dpt_MTZ_AV1.sc30,4dpt,MTZ,B03,AV1
B03_4dpt_MTZ_AV1.sc31,4dpt,MTZ,B03,AV1
B03_4dpt_MTZ_AV1.sc32,4dpt,MTZ,B03,AV1
B03_4dpt_MTZ_AV1.sc33,4dpt,MTZ,B03,AV1
B03_4dpt_MTZ_AV1.sc34,4dpt,MTZ,B03,AV1
B03_4dpt_MTZ_AV1.sc35,4dpt,MTZ,B03,AV1
B03_4dpt_MTZ_AV1.sc36,4dpt,MTZ,B03,AV1
B03_4dpt_MTZ_AV1.sc37,4dpt,MTZ,B03,AV1
B03_4dpt_MTZ_AV1.sc38,4dpt,MTZ,B03,AV1
B03_4dpt_MTZ_AV1.sc39,4dpt,MTZ,B03,AV1
B03_4dpt_MTZ_AV1.sc40,4dpt,MTZ,B03,AV1
B03_4dpt_MTZ_AV1.sc41,4dpt,MTZ,B03,AV1
B03_4dpt_MTZ_AV1.sc42,4dpt,MTZ,B03,AV1
B03_4dpt_MTZ_AV1.sc43,4dpt,MTZ,B03,AV1
B03_4dpt_MTZ_AV1.sc44,4dpt,MTZ,B03,AV1
B03_4dpt_MTZ_AV1.sc45,4dpt,MTZ,B03,AV1
B03_4dpt_MTZ_AV1.sc46,4dpt,MTZ,B03,AV1
B03_4dpt_MTZ_AV1.sc47,4dpt,MTZ,B03,AV1
B03_4dpt_MTZ_AV1.sc48,4dpt,MTZ,B03,AV1
B03_4dpt_MTZ_AV1.sc49,4dpt,MTZ,B03,AV1
B03_4dpt_MTZ_AV1.sc50,4dpt,MTZ,B03,AV1
B03_4dpt_MTZ_AV1.sc51,4dpt,MTZ,B03,AV1
B03_4dpt_MTZ_AV1.sc52,4dpt,MTZ,B03,AV1
B03_4dpt_MTZ_AV1.sc53,4dpt,MTZ,B03,AV1
B03_4dpt_MTZ_AV1.sc54,4dpt,MTZ,B03,AV1
B03_4dpt_MTZ_AV1.sc55,4dpt,MTZ,B03,AV1
B03_4dpt_MTZ_AV1.sc56,4dpt,MTZ,B03,AV1
B03_4dpt_MTZ_AV1.sc57,4dpt,MTZ,B03,AV1
B03_4dpt_MTZ_AV1.sc58,4dpt,MTZ,B03,AV1
B03_4dpt_MTZ_AV1.sc59,4dpt,MTZ,B03,AV1
B03_4dpt_MTZ_AV1.sc60,4dpt,MTZ,B03,AV1
B03_4dpt_MTZ_AV1.sc61,4dpt,MTZ,B03,AV1
B03_4dpt_MTZ_AV1.sc62,4dpt,MTZ,B03,AV1
B03_4dpt_MTZ_AV1.sc63,4dpt,MTZ,B03,AV1
B03_4dpt_MTZ_AV1.sc64,4dpt,MTZ,B03,AV1
B03_4dpt_MTZ_AV1.sc65,4dpt,MTZ,B03,AV1
B03_4dpt_MTZ_AV1.sc66,4dpt,MTZ,B03,AV1
B03_4dpt_MTZ_AV1.sc67,4dpt,MTZ,B03,AV1
B03_4dpt_MTZ_AV1.sc68,4dpt,MTZ,B03,AV1
B03_4dpt_MTZ_AV1.sc69,4dpt,MTZ,B03,AV1
B03_4dpt_MTZ_AV1.sc70,4dpt,MTZ,B03,AV1
B03_4dpt_MTZ_AV1.sc71,4dpt,MTZ,B03,AV1
B03_4dpt_MTZ_AV1.sc72,4dpt,MTZ,B03,AV1
B03_4dpt_MTZ_AV1.sc73,4dpt,MTZ,B03,AV1
B03_4dpt_MTZ_AV1.sc74,4dpt,MTZ,B03,AV1
B03_4dpt_MTZ_AV1.sc75,4dpt,MTZ,B03,AV1
B03_4dpt_MTZ_AV1.sc76,4dpt,MTZ,B03,AV1
B03_4dpt_MTZ_AV1.sc77,4dpt,MTZ,B03,AV1
B03_4dpt_MTZ_AV1.sc78,4dpt,MTZ,B03,AV1
B03_4dpt_MTZ_AV1.sc79,4dpt,MTZ,B03,AV1
B03_4dpt_MTZ_AV1.sc80,4dpt,MTZ,B03,AV1
B03_4dpt_MTZ_AV1.sc81,4dpt,MTZ,B03,AV1
B03_4dpt_MTZ_AV1.sc82,4dpt,MTZ,B03,AV1
B03_4dpt_MTZ_AV1.sc83,4dpt,MTZ,B03,AV1
B03_4dpt_MTZ_AV1.sc84,4dpt,MTZ,B03,AV1
B03_4dpt_MTZ_AV1.sc85,4dpt,MTZ,B03,AV1
B03_4dpt_MTZ_AV1.sc86,4dpt,MTZ,B03,AV1
B03_4dpt_MTZ_AV1.sc87,4dpt,MTZ,B03,AV1
B03_4dpt_MTZ_AV1.sc88,4dpt,MTZ,B03,AV1
B03_4dpt_MTZ_AV1.sc89,4dpt,MTZ,B03,AV1
B03_4dpt_MTZ_AV1.sc90,4dpt,MTZ,B03,AV1
B03_4dpt_MTZ_AV1.sc91,4dpt,MTZ,B03,AV1
B03_4dpt_MTZ_AV1.sc92,4dpt,MTZ,B03,AV1
B03_4dpt_MTZ_AV1.sc93,4dpt,MTZ,B03,AV1
B03_4dpt_MTZ_AV1.sc94,4dpt,MTZ,B03,AV1
B03_4dpt_MTZ_AV1.sc95,4dpt,MTZ,B03,AV1
B03_4dpt_MTZ_AV1.sc96,4dpt,MTZ,B03,AV1
B03_4dpt_CT_AV1.sc1,4dpt,CT,B03,AV1
B03_4dpt_CT_AV1.sc2,4dpt,CT,B03,AV1
B03_4dpt_CT_AV1.sc3,4dpt,CT,B03,AV1
B03_4dpt_CT_AV1.sc4,4dpt,CT,B03,AV1
B03_4dpt_CT_AV1.sc5,4dpt,CT,B03,AV1
B03_4dpt_CT_AV1.sc6,4dpt,CT,B03,AV1
B03_4dpt_CT_AV1.sc7,4dpt,CT,B03,AV1
B03_4dpt_CT_AV1.sc8,4dpt,CT,B03,AV1
B03_4dpt_CT_AV1.sc9,4dpt,CT,B03,AV1
B03_4dpt_CT_AV1.sc10,4dpt,CT,B03,AV1
B03_4dpt_CT_AV1.sc11,4dpt,CT,B03,AV1
B03_4dpt_CT_AV1.sc12,4dpt,CT,B03,AV1
B03_4dpt_CT_AV1.sc13,4dpt,CT,B03,AV1
B03_4dpt_CT_AV1.sc14,4dpt,CT,B03,AV1
B03_4dpt_CT_AV1.sc15,4dpt,CT,B03,AV1
B03_4dpt_CT_AV1.sc16,4dpt,CT,B03,AV1
B03_4dpt_CT_AV1.sc17,4dpt,CT,B03,AV1
B03_4dpt_CT_AV1.sc18,4dpt,CT,B03,AV1
B03_4dpt_CT_AV1.sc19,4dpt,CT,B03,AV1
B03_4dpt_CT_AV1.sc20,4dpt,CT,B03,AV1
B03_4dpt_CT_AV1.sc21,4dpt,CT,B03,AV1
B03_4dpt_CT_AV1.sc22,4dpt,CT,B03,AV1
B03_4dpt_CT_AV1.sc23,4dpt,CT,B03,AV1
B03_4dpt_CT_AV1.sc24,4dpt,CT,B03,AV1
B03_4dpt_CT_AV1.sc25,4dpt,CT,B03,AV1
B03_4dpt_CT_AV1.sc26,4dpt,CT,B03,AV1
B03_4dpt_CT_AV1.sc27,4dpt,CT,B03,AV1
B03_4dpt_CT_AV1.sc28,4dpt,CT,B03,AV1
B03_4dpt_CT_AV1.sc29,4dpt,CT,B03,AV1
B03_4dpt_CT_AV1.sc30,4dpt,CT,B03,AV1
B03_4dpt_CT_AV1.sc31,4dpt,CT,B03,AV1
B03_4dpt_CT_AV1.sc32,4dpt,CT,B03,AV1
B03_4dpt_CT_AV1.sc33,4dpt,CT,B03,AV1
B03_4dpt_CT_AV1.sc34,4dpt,CT,B03,AV1
B03_4dpt_CT_AV1.sc35,4dpt,CT,B03,AV1
B03_4dpt_CT_AV1.sc36,4dpt,CT,B03,AV1
B03_4dpt_CT_AV1.sc37,4dpt,CT,B03,AV1
B03_4dpt_CT_AV1.sc38,4dpt,CT,B03,AV1
B03_4dpt_CT_AV1.sc39,4dpt,CT,B03,AV1
B03_4dpt_CT_AV1.sc40,4dpt,CT,B03,AV1
B03_4dpt_CT_AV1.sc41,4dpt,CT,B03,AV1
B03_4dpt_CT_AV1.sc42,4dpt,CT,B03,AV1
B03_4dpt_CT_AV1.sc43,4dpt,CT,B03,AV1
B03_4dpt_CT_AV1.sc44,4dpt,CT,B03,AV1
B03_4dpt_CT_AV1.sc45,4dpt,CT,B03,AV1
B03_4dpt_CT_AV1.sc46,4dpt,CT,B03,AV1
B03_4dpt_CT_AV1.sc47,4dpt,CT,B03,AV1
B03_4dpt_CT_AV1.sc48,4dpt,CT,B03,AV1
B03_4dpt_CT_AV1.sc49,4dpt,CT,B03,AV1
B03_4dpt_CT_AV1.sc50,4dpt,CT,B03,AV1
B03_4dpt_CT_AV1.sc51,4dpt,CT,B03,AV1
B03_4dpt_CT_AV1.sc52,4dpt,CT,B03,AV1
B03_4dpt_CT_AV1.sc53,4dpt,CT,B03,AV1
B03_4dpt_CT_AV1.sc54,4dpt,CT,B03,AV1
B03_4dpt_CT_AV1.sc55,4dpt,CT,B03,AV1
B03_4dpt_CT_AV1.sc56,4dpt,CT,B03,AV1
B03_4dpt_CT_AV1.sc57,4dpt,CT,B03,AV1
B03_4dpt_CT_AV1.sc58,4dpt,CT,B03,AV1
B03_4dpt_CT_AV1.sc59,4dpt,CT,B03,AV1
B03_4dpt_CT_AV1.sc60,4dpt,CT,B03,AV1
B03_4dpt_CT_AV1.sc61,4dpt,CT,B03,AV1
B03_4dpt_CT_AV1.sc62,4dpt,CT,B03,AV1
B03_4dpt_CT_AV1.sc63,4dpt,CT,B03,AV1
B03_4dpt_CT_AV1.sc64,4dpt,CT,B03,AV1
B03_4dpt_CT_AV1.sc65,4dpt,CT,B03,AV1
B03_4dpt_CT_AV1.sc66,4dpt,CT,B03,AV1
B03_4dpt_CT_AV1.sc67,4dpt,CT,B03,AV1
B03_4dpt_CT_AV1.sc68,4dpt,CT,B03,AV1
B03_4dpt_CT_AV1.sc69,4dpt,CT,B03,AV1
B03_4dpt_CT_AV1.sc70,4dpt,CT,B03,AV1
B03_4dpt_CT_AV1.sc71,4dpt,CT,B03,AV1
B03_4dpt_CT_AV1.sc72,4dpt,CT,B03,AV1
B03_4dpt_CT_AV1.sc73,4dpt,CT,B03,AV1
B03_4dpt_CT_AV1.sc74,4dpt,CT,B03,AV1
B03_4dpt_CT_AV1.sc75,4dpt,CT,B03,AV1
B03_4dpt_CT_AV1.sc76,4dpt,CT,B03,AV1
B03_4dpt_CT_AV1.sc77,4dpt,CT,B03,AV1
B03_4dpt_CT_AV1.sc78,4dpt,CT,B03,AV1
B03_4dpt_CT_AV1.sc79,4dpt,CT,B03,AV1
B03_4dpt_CT_AV1.sc80,4dpt,CT,B03,AV1
B03_4dpt_CT_AV1.sc81,4dpt,CT,B03,AV1
B03_4dpt_CT_AV1.sc82,4dpt,CT,B03,AV1
B03_4dpt_CT_AV1.sc83,4dpt,CT,B03,AV1
B03_4dpt_CT_AV1.sc84,4dpt,CT,B03,AV1
B03_4dpt_CT_AV1.sc85,4dpt,CT,B03,AV1
B03_4dpt_CT_AV1.sc86,4dpt,CT,B03,AV1
B03_4dpt_CT_AV1.sc87,4dpt,CT,B03,AV1
B03_4dpt_CT_AV1.sc88,4dpt,CT,B03,AV1
B03_4dpt_CT_AV1.sc89,4dpt,CT,B03,AV1
B03_4dpt_CT_AV1.sc90,4dpt,CT,B03,AV1
B03_4dpt_CT_AV1.sc91,4dpt,CT,B03,AV1
B03_4dpt_CT_AV1.sc92,4dpt,CT,B03,AV1
B03_4dpt_CT_AV1.sc93,4dpt,CT,B03,AV1
B03_4dpt_CT_AV1.sc94,4dpt,CT,B03,AV1
B03_4dpt_CT_AV1.sc95,4dpt,CT,B03,AV1
B03_4dpt_CT_AV1.sc96,4dpt,CT,B03,AV1
B04_2dpt_CT_AV1.sc1,2dpt,CT,B04,AV1
B04_2dpt_CT_AV1.sc2,2dpt,CT,B04,AV1
B04_2dpt_CT_AV1.sc3,2dpt,CT,B04,AV1
B04_2dpt_CT_AV1.sc4,2dpt,CT,B04,AV1
B04_2dpt_CT_AV1.sc5,2dpt,CT,B04,AV1
B04_2dpt_CT_AV1.sc6,2dpt,CT,B04,AV1
B04_2dpt_CT_AV1.sc7,2dpt,CT,B04,AV1
B04_2dpt_CT_AV1.sc8,2dpt,CT,B04,AV1
B04_2dpt_CT_AV1.sc9,2dpt,CT,B04,AV1
B04_2dpt_CT_AV1.sc10,2dpt,CT,B04,AV1
B04_2dpt_CT_AV1.sc11,2dpt,CT,B04,AV1
B04_2dpt_CT_AV1.sc12,2dpt,CT,B04,AV1
B04_2dpt_CT_AV1.sc13,2dpt,CT,B04,AV1
B04_2dpt_CT_AV1.sc14,2dpt,CT,B04,AV1
B04_2dpt_CT_AV1.sc15,2dpt,CT,B04,AV1
B04_2dpt_CT_AV1.sc16,2dpt,CT,B04,AV1
B04_2dpt_CT_AV1.sc17,2dpt,CT,B04,AV1
B04_2dpt_CT_AV1.sc18,2dpt,CT,B04,AV1
B04_2dpt_CT_AV1.sc19,2dpt,CT,B04,AV1
B04_2dpt_CT_AV1.sc20,2dpt,CT,B04,AV1
B04_2dpt_CT_AV1.sc21,2dpt,CT,B04,AV1
B04_2dpt_CT_AV1.sc22,2dpt,CT,B04,AV1
B04_2dpt_CT_AV1.sc23,2dpt,CT,B04,AV1
B04_2dpt_CT_AV1.sc24,2dpt,CT,B04,AV1
B04_2dpt_CT_AV1.sc25,2dpt,CT,B04,AV1
B04_2dpt_CT_AV1.sc26,2dpt,CT,B04,AV1
B04_2dpt_CT_AV1.sc27,2dpt,CT,B04,AV1
B04_2dpt_CT_AV1.sc28,2dpt,CT,B04,AV1
B04_2dpt_CT_AV1.sc29,2dpt,CT,B04,AV1
B04_2dpt_CT_AV1.sc30,2dpt,CT,B04,AV1
B04_2dpt_CT_AV1.sc31,2dpt,CT,B04,AV1
B04_2dpt_CT_AV1.sc32,2dpt,CT,B04,AV1
B04_2dpt_CT_AV1.sc33,2dpt,CT,B04,AV1
B04_2dpt_CT_AV1.sc34,2dpt,CT,B04,AV1
B04_2dpt_CT_AV1.sc35,2dpt,CT,B04,AV1
B04_2dpt_CT_AV1.sc36,2dpt,CT,B04,AV1
B04_2dpt_CT_AV1.sc37,2dpt,CT,B04,AV1
B04_2dpt_CT_AV1.sc38,2dpt,CT,B04,AV1
B04_2dpt_CT_AV1.sc39,2dpt,CT,B04,AV1
B04_2dpt_CT_AV1.sc40,2dpt,CT,B04,AV1
B04_2dpt_CT_AV1.sc41,2dpt,CT,B04,AV1
B04_2dpt_CT_AV1.sc42,2dpt,CT,B04,AV1
B04_2dpt_CT_AV1.sc43,2dpt,CT,B04,AV1
B04_2dpt_CT_AV1.sc44,2dpt,CT,B04,AV1
B04_2dpt_CT_AV1.sc45,2dpt,CT,B04,AV1
B04_2dpt_CT_AV1.sc46,2dpt,CT,B04,AV1
B04_2dpt_CT_AV1.sc47,2dpt,CT,B04,AV1
B04_2dpt_CT_AV1.sc48,2dpt,CT,B04,AV1
B04_2dpt_CT_AV1.sc49,2dpt,CT,B04,AV1
B04_2dpt_CT_AV1.sc50,2dpt,CT,B04,AV1
B04_2dpt_CT_AV1.sc51,2dpt,CT,B04,AV1
B04_2dpt_CT_AV1.sc52,2dpt,CT,B04,AV1
B04_2dpt_CT_AV1.sc53,2dpt,CT,B04,AV1
B04_2dpt_CT_AV1.sc54,2dpt,CT,B04,AV1
B04_2dpt_CT_AV1.sc55,2dpt,CT,B04,AV1
B04_2dpt_CT_AV1.sc56,2dpt,CT,B04,AV1
B04_2dpt_CT_AV1.sc57,2dpt,CT,B04,AV1
B04_2dpt_CT_AV1.sc58,2dpt,CT,B04,AV1
B04_2dpt_CT_AV1.sc59,2dpt,CT,B04,AV1
B04_2dpt_CT_AV1.sc60,2dpt,CT,B04,AV1
B04_2dpt_CT_AV1.sc61,2dpt,CT,B04,AV1
B04_2dpt_CT_AV1.sc62,2dpt,CT,B04,AV1
B04_2dpt_CT_AV1.sc63,2dpt,CT,B04,AV1
B04_2dpt_CT_AV1.sc64,2dpt,CT,B04,AV1
B04_2dpt_CT_AV1.sc65,2dpt,CT,B04,AV1
B04_2dpt_CT_AV1.sc66,2dpt,CT,B04,AV1
B04_2dpt_CT_AV1.sc67,2dpt,CT,B04,AV1
B04_2dpt_CT_AV1.sc68,2dpt,CT,B04,AV1
B04_2dpt_CT_AV1.sc69,2dpt,CT,B04,AV1
B04_2dpt_CT_AV1.sc70,2dpt,CT,B04,AV1
B04_2dpt_CT_AV1.sc71,2dpt,CT,B04,AV1
B04_2dpt_CT_AV1.sc72,2dpt,CT,B04,AV1
B04_2dpt_CT_AV1.sc73,2dpt,CT,B04,AV1
B04_2dpt_CT_AV1.sc74,2dpt,CT,B04,AV1
B04_2dpt_CT_AV1.sc75,2dpt,CT,B04,AV1
B04_2dpt_CT_AV1.sc76,2dpt,CT,B04,AV1
B04_2dpt_CT_AV1.sc77,2dpt,CT,B04,AV1
B04_2dpt_CT_AV1.sc78,2dpt,CT,B04,AV1
B04_2dpt_CT_AV1.sc79,2dpt,CT,B04,AV1
B04_2dpt_CT_AV1.sc80,2dpt,CT,B04,AV1
B04_2dpt_CT_AV1.sc81,2dpt,CT,B04,AV1
B04_2dpt_CT_AV1.sc82,2dpt,CT,B04,AV1
B04_2dpt_CT_AV1.sc83,2dpt,CT,B04,AV1
B04_2dpt_CT_AV1.sc84,2dpt,CT,B04,AV1
B04_2dpt_CT_AV1.sc85,2dpt,CT,B04,AV1
B04_2dpt_CT_AV1.sc86,2dpt,CT,B04,AV1
B04_2dpt_CT_AV1.sc87,2dpt,CT,B04,AV1
B04_2dpt_CT_AV1.sc88,2dpt,CT,B04,AV1
B04_2dpt_CT_AV1.sc89,2dpt,CT,B04,AV1
B04_2dpt_CT_AV1.sc90,2dpt,CT,B04,AV1
B04_2dpt_CT_AV1.sc91,2dpt,CT,B04,AV1
B04_2dpt_CT_AV1.sc92,2dpt,CT,B04,AV1
B04_2dpt_CT_AV1.sc93,2dpt,CT,B04,AV1
B04_2dpt_CT_AV1.sc94,2dpt,CT,B04,AV1
B04_2dpt_CT_AV1.sc95,2dpt,CT,B04,AV1
B04_2dpt_CT_AV1.sc96,2dpt,CT,B04,AV1
B04_2dpt_CT_AV2.sc1,2dpt,CT,B04,AV2
B04_2dpt_CT_AV2.sc2,2dpt,CT,B04,AV2
B04_2dpt_CT_AV2.sc3,2dpt,CT,B04,AV2
B04_2dpt_CT_AV2.sc4,2dpt,CT,B04,AV2
B04_2dpt_CT_AV2.sc5,2dpt,CT,B04,AV2
B04_2dpt_CT_AV2.sc6,2dpt,CT,B04,AV2
B04_2dpt_CT_AV2.sc7,2dpt,CT,B04,AV2
B04_2dpt_CT_AV2.sc8,2dpt,CT,B04,AV2
B04_2dpt_CT_AV2.sc9,2dpt,CT,B04,AV2
B04_2dpt_CT_AV2.sc10,2dpt,CT,B04,AV2
B04_2dpt_CT_AV2.sc11,2dpt,CT,B04,AV2
B04_2dpt_CT_AV2.sc12,2dpt,CT,B04,AV2
B04_2dpt_CT_AV2.sc13,2dpt,CT,B04,AV2
B04_2dpt_CT_AV2.sc14,2dpt,CT,B04,AV2
B04_2dpt_CT_AV2.sc15,2dpt,CT,B04,AV2
B04_2dpt_CT_AV2.sc16,2dpt,CT,B04,AV2
B04_2dpt_CT_AV2.sc17,2dpt,CT,B04,AV2
B04_2dpt_CT_AV2.sc18,2dpt,CT,B04,AV2
B04_2dpt_CT_AV2.sc19,2dpt,CT,B04,AV2
B04_2dpt_CT_AV2.sc20,2dpt,CT,B04,AV2
B04_2dpt_CT_AV2.sc21,2dpt,CT,B04,AV2
B04_2dpt_CT_AV2.sc22,2dpt,CT,B04,AV2
B04_2dpt_CT_AV2.sc23,2dpt,CT,B04,AV2
B04_2dpt_CT_AV2.sc24,2dpt,CT,B04,AV2
B04_2dpt_CT_AV2.sc25,2dpt,CT,B04,AV2
B04_2dpt_CT_AV2.sc26,2dpt,CT,B04,AV2
B04_2dpt_CT_AV2.sc27,2dpt,CT,B04,AV2
B04_2dpt_CT_AV2.sc28,2dpt,CT,B04,AV2
B04_2dpt_CT_AV2.sc29,2dpt,CT,B04,AV2
B04_2dpt_CT_AV2.sc30,2dpt,CT,B04,AV2
B04_2dpt_CT_AV2.sc31,2dpt,CT,B04,AV2
B04_2dpt_CT_AV2.sc32,2dpt,CT,B04,AV2
B04_2dpt_CT_AV2.sc33,2dpt,CT,B04,AV2
B04_2dpt_CT_AV2.sc34,2dpt,CT,B04,AV2
B04_2dpt_CT_AV2.sc35,2dpt,CT,B04,AV2
B04_2dpt_CT_AV2.sc36,2dpt,CT,B04,AV2
B04_2dpt_CT_AV2.sc37,2dpt,CT,B04,AV2
B04_2dpt_CT_AV2.sc38,2dpt,CT,B04,AV2
B04_2dpt_CT_AV2.sc39,2dpt,CT,B04,AV2
B04_2dpt_CT_AV2.sc40,2dpt,CT,B04,AV2
B04_2dpt_CT_AV2.sc41,2dpt,CT,B04,AV2
B04_2dpt_CT_AV2.sc42,2dpt,CT,B04,AV2
B04_2dpt_CT_AV2.sc43,2dpt,CT,B04,AV2
B04_2dpt_CT_AV2.sc44,2dpt,CT,B04,AV2
B04_2dpt_CT_AV2.sc45,2dpt,CT,B04,AV2
B04_2dpt_CT_AV2.sc46,2dpt,CT,B04,AV2
B04_2dpt_CT_AV2.sc47,2dpt,CT,B04,AV2
B04_2dpt_CT_AV2.sc48,2dpt,CT,B04,AV2
B04_2dpt_MTZ_AV1.sc1,2dpt,MTZ,B04,AV1
B04_2dpt_MTZ_AV1.sc2,2dpt,MTZ,B04,AV1
B04_2dpt_MTZ_AV1.sc3,2dpt,MTZ,B04,AV1
B04_2dpt_MTZ_AV1.sc4,2dpt,MTZ,B04,AV1
B04_2dpt_MTZ_AV1.sc5,2dpt,MTZ,B04,AV1
B04_2dpt_MTZ_AV1.sc6,2dpt,MTZ,B04,AV1
B04_2dpt_MTZ_AV1.sc7,2dpt,MTZ,B04,AV1
B04_2dpt_MTZ_AV1.sc8,2dpt,MTZ,B04,AV1
B04_2dpt_MTZ_AV1.sc9,2dpt,MTZ,B04,AV1
B04_2dpt_MTZ_AV1.sc10,2dpt,MTZ,B04,AV1
B04_2dpt_MTZ_AV1.sc11,2dpt,MTZ,B04,AV1
B04_2dpt_MTZ_AV1.sc12,2dpt,MTZ,B04,AV1
B04_2dpt_MTZ_AV1.sc13,2dpt,MTZ,B04,AV1
B04_2dpt_MTZ_AV1.sc14,2dpt,MTZ,B04,AV1
B04_2dpt_MTZ_AV1.sc15,2dpt,MTZ,B04,AV1
B04_2dpt_MTZ_AV1.sc16,2dpt,MTZ,B04,AV1
B04_2dpt_MTZ_AV1.sc17,2dpt,MTZ,B04,AV1
B04_2dpt_MTZ_AV1.sc18,2dpt,MTZ,B04,AV1
B04_2dpt_MTZ_AV1.sc19,2dpt,MTZ,B04,AV1
B04_2dpt_MTZ_AV1.sc20,2dpt,MTZ,B04,AV1
B04_2dpt_MTZ_AV1.sc21,2dpt,MTZ,B04,AV1
B04_2dpt_MTZ_AV1.sc22,2dpt,MTZ,B04,AV1
B04_2dpt_MTZ_AV1.sc23,2dpt,MTZ,B04,AV1
B04_2dpt_MTZ_AV1.sc24,2dpt,MTZ,B04,AV1
B04_2dpt_MTZ_AV1.sc25,2dpt,MTZ,B04,AV1
B04_2dpt_MTZ_AV1.sc26,2dpt,MTZ,B04,AV1
B04_2dpt_MTZ_AV1.sc27,2dpt,MTZ,B04,AV1
B04_2dpt_MTZ_AV1.sc28,2dpt,MTZ,B04,AV1
B04_2dpt_MTZ_AV1.sc29,2dpt,MTZ,B04,AV1
B04_2dpt_MTZ_AV1.sc30,2dpt,MTZ,B04,AV1
B04_2dpt_MTZ_AV1.sc31,2dpt,MTZ,B04,AV1
B04_2dpt_MTZ_AV1.sc32,2dpt,MTZ,B04,AV1
B04_2dpt_MTZ_AV1.sc33,2dpt,MTZ,B04,AV1
B04_2dpt_MTZ_AV1.sc34,2dpt,MTZ,B04,AV1
B04_2dpt_MTZ_AV1.sc35,2dpt,MTZ,B04,AV1
B04_2dpt_MTZ_AV1.sc36,2dpt,MTZ,B04,AV1
B04_2dpt_MTZ_AV1.sc37,2dpt,MTZ,B04,AV1
B04_2dpt_MTZ_AV1.sc38,2dpt,MTZ,B04,AV1
B04_2dpt_MTZ_AV1.sc39,2dpt,MTZ,B04,AV1
B04_2dpt_MTZ_AV1.sc40,2dpt,MTZ,B04,AV1
B04_2dpt_MTZ_AV1.sc41,2dpt,MTZ,B04,AV1
B04_2dpt_MTZ_AV1.sc42,2dpt,MTZ,B04,AV1
B04_2dpt_MTZ_AV1.sc43,2dpt,MTZ,B04,AV1
B04_2dpt_MTZ_AV1.sc44,2dpt,MTZ,B04,AV1
B04_2dpt_MTZ_AV1.sc45,2dpt,MTZ,B04,AV1
B04_2dpt_MTZ_AV1.sc46,2dpt,MTZ,B04,AV1
B04_2dpt_MTZ_AV1.sc47,2dpt,MTZ,B04,AV1
B04_2dpt_MTZ_AV1.sc48,2dpt,MTZ,B04,AV1
B04_2dpt_MTZ_AV1.sc49,2dpt,MTZ,B04,AV1
B04_2dpt_MTZ_AV1.sc50,2dpt,MTZ,B04,AV1
B04_2dpt_MTZ_AV1.sc51,2dpt,MTZ,B04,AV1
B04_2dpt_MTZ_AV1.sc52,2dpt,MTZ,B04,AV1
B04_2dpt_MTZ_AV1.sc53,2dpt,MTZ,B04,AV1
B04_2dpt_MTZ_AV1.sc54,2dpt,MTZ,B04,AV1
B04_2dpt_MTZ_AV1.sc55,2dpt,MTZ,B04,AV1
B04_2dpt_MTZ_AV1.sc56,2dpt,MTZ,B04,AV1
B04_2dpt_MTZ_AV1.sc57,2dpt,MTZ,B04,AV1
B04_2dpt_MTZ_AV1.sc58,2dpt,MTZ,B04,AV1
B04_2dpt_MTZ_AV1.sc59,2dpt,MTZ,B04,AV1
B04_2dpt_MTZ_AV1.sc60,2dpt,MTZ,B04,AV1
B04_2dpt_MTZ_AV1.sc61,2dpt,MTZ,B04,AV1
B04_2dpt_MTZ_AV1.sc62,2dpt,MTZ,B04,AV1
B04_2dpt_MTZ_AV1.sc63,2dpt,MTZ,B04,AV1
B04_2dpt_MTZ_AV1.sc64,2dpt,MTZ,B04,AV1
B04_2dpt_MTZ_AV1.sc65,2dpt,MTZ,B04,AV1
B04_2dpt_MTZ_AV1.sc66,2dpt,MTZ,B04,AV1
B04_2dpt_MTZ_AV1.sc67,2dpt,MTZ,B04,AV1
B04_2dpt_MTZ_AV1.sc68,2dpt,MTZ,B04,AV1
B04_2dpt_MTZ_AV1.sc69,2dpt,MTZ,B04,AV1
B04_2dpt_MTZ_AV1.sc70,2dpt,MTZ,B04,AV1
B04_2dpt_MTZ_AV1.sc71,2dpt,MTZ,B04,AV1
B04_2dpt_MTZ_AV1.sc72,2dpt,MTZ,B04,AV1
B04_2dpt_MTZ_AV1.sc73,2dpt,MTZ,B04,AV1
B04_2dpt_MTZ_AV1.sc74,2dpt,MTZ,B04,AV1
B04_2dpt_MTZ_AV1.sc75,2dpt,MTZ,B04,AV1
B04_2dpt_MTZ_AV1.sc76,2dpt,MTZ,B04,AV1
B04_2dpt_MTZ_AV1.sc77,2dpt,MTZ,B04,AV1
B04_2dpt_MTZ_AV1.sc78,2dpt,MTZ,B04,AV1
B04_2dpt_MTZ_AV1.sc79,2dpt,MTZ,B04,AV1
B04_2dpt_MTZ_AV1.sc80,2dpt,MTZ,B04,AV1
B04_2dpt_MTZ_AV1.sc81,2dpt,MTZ,B04,AV1
B04_2dpt_MTZ_AV1.sc82,2dpt,MTZ,B04,AV1
B04_2dpt_MTZ_AV1.sc83,2dpt,MTZ,B04,AV1
B04_2dpt_MTZ_AV1.sc84,2dpt,MTZ,B04,AV1
B04_2dpt_MTZ_AV1.sc85,2dpt,MTZ,B04,AV1
B04_2dpt_MTZ_AV1.sc86,2dpt,MTZ,B04,AV1
B04_2dpt_MTZ_AV1.sc87,2dpt,MTZ,B04,AV1
B04_2dpt_MTZ_AV1.sc88,2dpt,MTZ,B04,AV1
B04_2dpt_MTZ_AV1.sc89,2dpt,MTZ,B04,AV1
B04_2dpt_MTZ_AV1.sc90,2dpt,MTZ,B04,AV1
B04_2dpt_MTZ_AV1.sc91,2dpt,MTZ,B04,AV1
B04_2dpt_MTZ_AV1.sc92,2dpt,MTZ,B04,AV1
B04_2dpt_MTZ_AV1.sc93,2dpt,MTZ,B04,AV1
B04_2dpt_MTZ_AV1.sc94,2dpt,MTZ,B04,AV1
B04_2dpt_MTZ_AV1.sc95,2dpt,MTZ,B04,AV1
B04_2dpt_MTZ_AV1.sc96,2dpt,MTZ,B04,AV1
B04_2dpt_MTZ_AV2.sc49,2dpt,MTZ,B04,AV2
B04_2dpt_MTZ_AV2.sc50,2dpt,MTZ,B04,AV2
B04_2dpt_MTZ_AV2.sc51,2dpt,MTZ,B04,AV2
B04_2dpt_MTZ_AV2.sc52,2dpt,MTZ,B04,AV2
B04_2dpt_MTZ_AV2.sc53,2dpt,MTZ,B04,AV2
B04_2dpt_MTZ_AV2.sc54,2dpt,MTZ,B04,AV2
B04_2dpt_MTZ_AV2.sc55,2dpt,MTZ,B04,AV2
B04_2dpt_MTZ_AV2.sc56,2dpt,MTZ,B04,AV2
B04_2dpt_MTZ_AV2.sc57,2dpt,MTZ,B04,AV2
B04_2dpt_MTZ_AV2.sc58,2dpt,MTZ,B04,AV2
B04_2dpt_MTZ_AV2.sc59,2dpt,MTZ,B04,AV2
B04_2dpt_MTZ_AV2.sc60,2dpt,MTZ,B04,AV2
B04_2dpt_MTZ_AV2.sc61,2dpt,MTZ,B04,AV2
B04_2dpt_MTZ_AV2.sc62,2dpt,MTZ,B04,AV2
B04_2dpt_MTZ_AV2.sc63,2dpt,MTZ,B04,AV2
B04_2dpt_MTZ_AV2.sc64,2dpt,MTZ,B04,AV2
B04_2dpt_MTZ_AV2.sc65,2dpt,MTZ,B04,AV2
B04_2dpt_MTZ_AV2.sc66,2dpt,MTZ,B04,AV2
B04_2dpt_MTZ_AV2.sc67,2dpt,MTZ,B04,AV2
B04_2dpt_MTZ_AV2.sc68,2dpt,MTZ,B04,AV2
B04_2dpt_MTZ_AV2.sc69,2dpt,MTZ,B04,AV2
B04_2dpt_MTZ_AV2.sc70,2dpt,MTZ,B04,AV2
B04_2dpt_MTZ_AV2.sc71,2dpt,MTZ,B04,AV2
B04_2dpt_MTZ_AV2.sc72,2dpt,MTZ,B04,AV2
B04_2dpt_MTZ_AV2.sc73,2dpt,MTZ,B04,AV2
B04_2dpt_MTZ_AV2.sc74,2dpt,MTZ,B04,AV2
B04_2dpt_MTZ_AV2.sc75,2dpt,MTZ,B04,AV2
B04_2dpt_MTZ_AV2.sc76,2dpt,MTZ,B04,AV2
B04_2dpt_MTZ_AV2.sc77,2dpt,MTZ,B04,AV2
B04_2dpt_MTZ_AV2.sc78,2dpt,MTZ,B04,AV2
B04_2dpt_MTZ_AV2.sc79,2dpt,MTZ,B04,AV2
B04_2dpt_MTZ_AV2.sc80,2dpt,MTZ,B04,AV2
B04_2dpt_MTZ_AV2.sc81,2dpt,MTZ,B04,AV2
B04_2dpt_MTZ_AV2.sc82,2dpt,MTZ,B04,AV2
B04_2dpt_MTZ_AV2.sc83,2dpt,MTZ,B04,AV2
B04_2dpt_MTZ_AV2.sc84,2dpt,MTZ,B04,AV2
B04_2dpt_MTZ_AV2.sc85,2dpt,MTZ,B04,AV2
B04_2dpt_MTZ_AV2.sc86,2dpt,MTZ,B04,AV2
B04_2dpt_MTZ_AV2.sc87,2dpt,MTZ,B04,AV2
B04_2dpt_MTZ_AV2.sc88,2dpt,MTZ,B04,AV2
B04_2dpt_MTZ_AV2.sc89,2dpt,MTZ,B04,AV2
B04_2dpt_MTZ_AV2.sc90,2dpt,MTZ,B04,AV2
B04_2dpt_MTZ_AV2.sc91,2dpt,MTZ,B04,AV2
B04_2dpt_MTZ_AV2.sc92,2dpt,MTZ,B04,AV2
B04_2dpt_MTZ_AV2.sc93,2dpt,MTZ,B04,AV2
B04_2dpt_MTZ_AV2.sc94,2dpt,MTZ,B04,AV2
B04_2dpt_MTZ_AV2.sc95,2dpt,MTZ,B04,AV2
B04_2dpt_MTZ_AV2.sc96,2dpt,MTZ,B04,AV2
B05_3dpt_CT_AV1.sc1,3dpt,CT,B05,AV1
B05_3dpt_CT_AV1.sc2,3dpt,CT,B05,AV1
B05_3dpt_CT_AV1.sc3,3dpt,CT,B05,AV1
B05_3dpt_CT_AV1.sc4,3dpt,CT,B05,AV1
B05_3dpt_CT_AV1.sc5,3dpt,CT,B05,AV1
B05_3dpt_CT_AV1.sc6,3dpt,CT,B05,AV1
B05_3dpt_CT_AV1.sc7,3dpt,CT,B05,AV1
B05_3dpt_CT_AV1.sc8,3dpt,CT,B05,AV1
B05_3dpt_CT_AV1.sc9,3dpt,CT,B05,AV1
B05_3dpt_CT_AV1.sc10,3dpt,CT,B05,AV1
B05_3dpt_CT_AV1.sc11,3dpt,CT,B05,AV1
B05_3dpt_CT_AV1.sc12,3dpt,CT,B05,AV1
B05_3dpt_CT_AV1.sc13,3dpt,CT,B05,AV1
B05_3dpt_CT_AV1.sc14,3dpt,CT,B05,AV1
B05_3dpt_CT_AV1.sc15,3dpt,CT,B05,AV1
B05_3dpt_CT_AV1.sc16,3dpt,CT,B05,AV1
B05_3dpt_CT_AV1.sc17,3dpt,CT,B05,AV1
B05_3dpt_CT_AV1.sc18,3dpt,CT,B05,AV1
B05_3dpt_CT_AV1.sc19,3dpt,CT,B05,AV1
B05_3dpt_CT_AV1.sc20,3dpt,CT,B05,AV1
B05_3dpt_CT_AV1.sc21,3dpt,CT,B05,AV1
B05_3dpt_CT_AV1.sc22,3dpt,CT,B05,AV1
B05_3dpt_CT_AV1.sc23,3dpt,CT,B05,AV1
B05_3dpt_CT_AV1.sc24,3dpt,CT,B05,AV1
B05_3dpt_CT_AV1.sc25,3dpt,CT,B05,AV1
B05_3dpt_CT_AV1.sc26,3dpt,CT,B05,AV1
B05_3dpt_CT_AV1.sc27,3dpt,CT,B05,AV1
B05_3dpt_CT_AV1.sc28,3dpt,CT,B05,AV1
B05_3dpt_CT_AV1.sc29,3dpt,CT,B05,AV1
B05_3dpt_CT_AV1.sc30,3dpt,CT,B05,AV1
B05_3dpt_CT_AV1.sc31,3dpt,CT,B05,AV1
B05_3dpt_CT_AV1.sc32,3dpt,CT,B05,AV1
B05_3dpt_CT_AV1.sc33,3dpt,CT,B05,AV1
B05_3dpt_CT_AV1.sc34,3dpt,CT,B05,AV1
B05_3dpt_CT_AV1.sc35,3dpt,CT,B05,AV1
B05_3dpt_CT_AV1.sc36,3dpt,CT,B05,AV1
B05_3dpt_CT_AV1.sc37,3dpt,CT,B05,AV1
B05_3dpt_CT_AV1.sc38,3dpt,CT,B05,AV1
B05_3dpt_CT_AV1.sc39,3dpt,CT,B05,AV1
B05_3dpt_CT_AV1.sc40,3dpt,CT,B05,AV1
B05_3dpt_CT_AV1.sc41,3dpt,CT,B05,AV1
B05_3dpt_CT_AV1.sc42,3dpt,CT,B05,AV1
B05_3dpt_CT_AV1.sc43,3dpt,CT,B05,AV1
B05_3dpt_CT_AV1.sc44,3dpt,CT,B05,AV1
B05_3dpt_CT_AV1.sc45,3dpt,CT,B05,AV1
B05_3dpt_CT_AV1.sc46,3dpt,CT,B05,AV1
B05_3dpt_CT_AV1.sc47,3dpt,CT,B05,AV1
B05_3dpt_CT_AV1.sc48,3dpt,CT,B05,AV1
B05_3dpt_CT_AV1.sc49,3dpt,CT,B05,AV1
B05_3dpt_CT_AV1.sc50,3dpt,CT,B05,AV1
B05_3dpt_CT_AV1.sc51,3dpt,CT,B05,AV1
B05_3dpt_CT_AV1.sc52,3dpt,CT,B05,AV1
B05_3dpt_CT_AV1.sc53,3dpt,CT,B05,AV1
B05_3dpt_CT_AV1.sc54,3dpt,CT,B05,AV1
B05_3dpt_CT_AV1.sc55,3dpt,CT,B05,AV1
B05_3dpt_CT_AV1.sc56,3dpt,CT,B05,AV1
B05_3dpt_CT_AV1.sc57,3dpt,CT,B05,AV1
B05_3dpt_CT_AV1.sc58,3dpt,CT,B05,AV1
B05_3dpt_CT_AV1.sc59,3dpt,CT,B05,AV1
B05_3dpt_CT_AV1.sc60,3dpt,CT,B05,AV1
B05_3dpt_CT_AV1.sc61,3dpt,CT,B05,AV1
B05_3dpt_CT_AV1.sc62,3dpt,CT,B05,AV1
B05_3dpt_CT_AV1.sc63,3dpt,CT,B05,AV1
B05_3dpt_CT_AV1.sc64,3dpt,CT,B05,AV1
B05_3dpt_CT_AV1.sc65,3dpt,CT,B05,AV1
B05_3dpt_CT_AV1.sc66,3dpt,CT,B05,AV1
B05_3dpt_CT_AV1.sc67,3dpt,CT,B05,AV1
B05_3dpt_CT_AV1.sc68,3dpt,CT,B05,AV1
B05_3dpt_CT_AV1.sc69,3dpt,CT,B05,AV1
B05_3dpt_CT_AV1.sc70,3dpt,CT,B05,AV1
B05_3dpt_CT_AV1.sc71,3dpt,CT,B05,AV1
B05_3dpt_CT_AV1.sc72,3dpt,CT,B05,AV1
B05_3dpt_CT_AV1.sc73,3dpt,CT,B05,AV1
B05_3dpt_CT_AV1.sc74,3dpt,CT,B05,AV1
B05_3dpt_CT_AV1.sc75,3dpt,CT,B05,AV1
B05_3dpt_CT_AV1.sc76,3dpt,CT,B05,AV1
B05_3dpt_CT_AV1.sc77,3dpt,CT,B05,AV1
B05_3dpt_CT_AV1.sc78,3dpt,CT,B05,AV1
B05_3dpt_CT_AV1.sc79,3dpt,CT,B05,AV1
B05_3dpt_CT_AV1.sc80,3dpt,CT,B05,AV1
B05_3dpt_CT_AV1.sc81,3dpt,CT,B05,AV1
B05_3dpt_CT_AV1.sc82,3dpt,CT,B05,AV1
B05_3dpt_CT_AV1.sc83,3dpt,CT,B05,AV1
B05_3dpt_CT_AV1.sc84,3dpt,CT,B05,AV1
B05_3dpt_CT_AV1.sc85,3dpt,CT,B05,AV1
B05_3dpt_CT_AV1.sc86,3dpt,CT,B05,AV1
B05_3dpt_CT_AV1.sc87,3dpt,CT,B05,AV1
B05_3dpt_CT_AV1.sc88,3dpt,CT,B05,AV1
B05_3dpt_CT_AV1.sc89,3dpt,CT,B05,AV1
B05_3dpt_CT_AV1.sc90,3dpt,CT,B05,AV1
B05_3dpt_CT_AV1.sc91,3dpt,CT,B05,AV1
B05_3dpt_CT_AV1.sc92,3dpt,CT,B05,AV1
B05_3dpt_CT_AV1.sc93,3dpt,CT,B05,AV1
B05_3dpt_CT_AV1.sc94,3dpt,CT,B05,AV1
B05_3dpt_CT_AV1.sc95,3dpt,CT,B05,AV1
B05_3dpt_CT_AV1.sc96,3dpt,CT,B05,AV1
B05_3dpt_CT_AV2.sc49,3dpt,CT,B05,AV2
B05_3dpt_CT_AV2.sc50,3dpt,CT,B05,AV2
B05_3dpt_CT_AV2.sc51,3dpt,CT,B05,AV2
B05_3dpt_CT_AV2.sc52,3dpt,CT,B05,AV2
B05_3dpt_CT_AV2.sc53,3dpt,CT,B05,AV2
B05_3dpt_CT_AV2.sc54,3dpt,CT,B05,AV2
B05_3dpt_CT_AV2.sc55,3dpt,CT,B05,AV2
B05_3dpt_CT_AV2.sc56,3dpt,CT,B05,AV2
B05_3dpt_CT_AV2.sc57,3dpt,CT,B05,AV2
B05_3dpt_CT_AV2.sc58,3dpt,CT,B05,AV2
B05_3dpt_CT_AV2.sc59,3dpt,CT,B05,AV2
B05_3dpt_CT_AV2.sc60,3dpt,CT,B05,AV2
B05_3dpt_CT_AV2.sc61,3dpt,CT,B05,AV2
B05_3dpt_CT_AV2.sc62,3dpt,CT,B05,AV2
B05_3dpt_CT_AV2.sc63,3dpt,CT,B05,AV2
B05_3dpt_CT_AV2.sc64,3dpt,CT,B05,AV2
B05_3dpt_CT_AV2.sc65,3dpt,CT,B05,AV2
B05_3dpt_CT_AV2.sc66,3dpt,CT,B05,AV2
B05_3dpt_CT_AV2.sc67,3dpt,CT,B05,AV2
B05_3dpt_CT_AV2.sc68,3dpt,CT,B05,AV2
B05_3dpt_CT_AV2.sc69,3dpt,CT,B05,AV2
B05_3dpt_CT_AV2.sc70,3dpt,CT,B05,AV2
B05_3dpt_CT_AV2.sc71,3dpt,CT,B05,AV2
B05_3dpt_CT_AV2.sc72,3dpt,CT,B05,AV2
B05_3dpt_CT_AV2.sc73,3dpt,CT,B05,AV2
B05_3dpt_CT_AV2.sc74,3dpt,CT,B05,AV2
B05_3dpt_CT_AV2.sc75,3dpt,CT,B05,AV2
B05_3dpt_CT_AV2.sc76,3dpt,CT,B05,AV2
B05_3dpt_CT_AV2.sc77,3dpt,CT,B05,AV2
B05_3dpt_CT_AV2.sc78,3dpt,CT,B05,AV2
B05_3dpt_CT_AV2.sc79,3dpt,CT,B05,AV2
B05_3dpt_CT_AV2.sc80,3dpt,CT,B05,AV2
B05_3dpt_CT_AV2.sc81,3dpt,CT,B05,AV2
B05_3dpt_CT_AV2.sc82,3dpt,CT,B05,AV2
B05_3dpt_CT_AV2.sc83,3dpt,CT,B05,AV2
B05_3dpt_CT_AV2.sc84,3dpt,CT,B05,AV2
B05_3dpt_CT_AV2.sc85,3dpt,CT,B05,AV2
B05_3dpt_CT_AV2.sc86,3dpt,CT,B05,AV2
B05_3dpt_CT_AV2.sc87,3dpt,CT,B05,AV2
B05_3dpt_CT_AV2.sc88,3dpt,CT,B05,AV2
B05_3dpt_CT_AV2.sc89,3dpt,CT,B05,AV2
B05_3dpt_CT_AV2.sc90,3dpt,CT,B05,AV2
B05_3dpt_CT_AV2.sc91,3dpt,CT,B05,AV2
B05_3dpt_CT_AV2.sc92,3dpt,CT,B05,AV2
B05_3dpt_CT_AV2.sc93,3dpt,CT,B05,AV2
B05_3dpt_CT_AV2.sc94,3dpt,CT,B05,AV2
B05_3dpt_CT_AV2.sc95,3dpt,CT,B05,AV2
B05_3dpt_CT_AV2.sc96,3dpt,CT,B05,AV2
B05_3dpt_MTZ_AV1.sc1,3dpt,MTZ,B05,AV1
B05_3dpt_MTZ_AV1.sc2,3dpt,MTZ,B05,AV1
B05_3dpt_MTZ_AV1.sc3,3dpt,MTZ,B05,AV1
B05_3dpt_MTZ_AV1.sc4,3dpt,MTZ,B05,AV1
B05_3dpt_MTZ_AV1.sc5,3dpt,MTZ,B05,AV1
B05_3dpt_MTZ_AV1.sc6,3dpt,MTZ,B05,AV1
B05_3dpt_MTZ_AV1.sc7,3dpt,MTZ,B05,AV1
B05_3dpt_MTZ_AV1.sc8,3dpt,MTZ,B05,AV1
B05_3dpt_MTZ_AV1.sc9,3dpt,MTZ,B05,AV1
B05_3dpt_MTZ_AV1.sc10,3dpt,MTZ,B05,AV1
B05_3dpt_MTZ_AV1.sc11,3dpt,MTZ,B05,AV1
B05_3dpt_MTZ_AV1.sc12,3dpt,MTZ,B05,AV1
B05_3dpt_MTZ_AV1.sc13,3dpt,MTZ,B05,AV1
B05_3dpt_MTZ_AV1.sc14,3dpt,MTZ,B05,AV1
B05_3dpt_MTZ_AV1.sc15,3dpt,MTZ,B05,AV1
B05_3dpt_MTZ_AV1.sc16,3dpt,MTZ,B05,AV1
B05_3dpt_MTZ_AV1.sc17,3dpt,MTZ,B05,AV1
B05_3dpt_MTZ_AV1.sc18,3dpt,MTZ,B05,AV1
B05_3dpt_MTZ_AV1.sc19,3dpt,MTZ,B05,AV1
B05_3dpt_MTZ_AV1.sc20,3dpt,MTZ,B05,AV1
B05_3dpt_MTZ_AV1.sc21,3dpt,MTZ,B05,AV1
B05_3dpt_MTZ_AV1.sc22,3dpt,MTZ,B05,AV1
B05_3dpt_MTZ_AV1.sc23,3dpt,MTZ,B05,AV1
B05_3dpt_MTZ_AV1.sc24,3dpt,MTZ,B05,AV1
B05_3dpt_MTZ_AV1.sc25,3dpt,MTZ,B05,AV1
B05_3dpt_MTZ_AV1.sc26,3dpt,MTZ,B05,AV1
B05_3dpt_MTZ_AV1.sc27,3dpt,MTZ,B05,AV1
B05_3dpt_MTZ_AV1.sc28,3dpt,MTZ,B05,AV1
B05_3dpt_MTZ_AV1.sc29,3dpt,MTZ,B05,AV1
B05_3dpt_MTZ_AV1.sc30,3dpt,MTZ,B05,AV1
B05_3dpt_MTZ_AV1.sc31,3dpt,MTZ,B05,AV1
B05_3dpt_MTZ_AV1.sc32,3dpt,MTZ,B05,AV1
B05_3dpt_MTZ_AV1.sc33,3dpt,MTZ,B05,AV1
B05_3dpt_MTZ_AV1.sc34,3dpt,MTZ,B05,AV1
B05_3dpt_MTZ_AV1.sc35,3dpt,MTZ,B05,AV1
B05_3dpt_MTZ_AV1.sc36,3dpt,MTZ,B05,AV1
B05_3dpt_MTZ_AV1.sc37,3dpt,MTZ,B05,AV1
B05_3dpt_MTZ_AV1.sc38,3dpt,MTZ,B05,AV1
B05_3dpt_MTZ_AV1.sc39,3dpt,MTZ,B05,AV1
B05_3dpt_MTZ_AV1.sc40,3dpt,MTZ,B05,AV1
B05_3dpt_MTZ_AV1.sc41,3dpt,MTZ,B05,AV1
B05_3dpt_MTZ_AV1.sc42,3dpt,MTZ,B05,AV1
B05_3dpt_MTZ_AV1.sc43,3dpt,MTZ,B05,AV1
B05_3dpt_MTZ_AV1.sc44,3dpt,MTZ,B05,AV1
B05_3dpt_MTZ_AV1.sc45,3dpt,MTZ,B05,AV1
B05_3dpt_MTZ_AV1.sc46,3dpt,MTZ,B05,AV1
B05_3dpt_MTZ_AV1.sc47,3dpt,MTZ,B05,AV1
B05_3dpt_MTZ_AV1.sc48,3dpt,MTZ,B05,AV1
B05_3dpt_MTZ_AV1.sc49,3dpt,MTZ,B05,AV1
B05_3dpt_MTZ_AV1.sc50,3dpt,MTZ,B05,AV1
B05_3dpt_MTZ_AV1.sc51,3dpt,MTZ,B05,AV1
B05_3dpt_MTZ_AV1.sc52,3dpt,MTZ,B05,AV1
B05_3dpt_MTZ_AV1.sc53,3dpt,MTZ,B05,AV1
B05_3dpt_MTZ_AV1.sc54,3dpt,MTZ,B05,AV1
B05_3dpt_MTZ_AV1.sc55,3dpt,MTZ,B05,AV1
B05_3dpt_MTZ_AV1.sc56,3dpt,MTZ,B05,AV1
B05_3dpt_MTZ_AV1.sc57,3dpt,MTZ,B05,AV1
B05_3dpt_MTZ_AV1.sc58,3dpt,MTZ,B05,AV1
B05_3dpt_MTZ_AV1.sc59,3dpt,MTZ,B05,AV1
B05_3dpt_MTZ_AV1.sc60,3dpt,MTZ,B05,AV1
B05_3dpt_MTZ_AV1.sc61,3dpt,MTZ,B05,AV1
B05_3dpt_MTZ_AV1.sc62,3dpt,MTZ,B05,AV1
B05_3dpt_MTZ_AV1.sc63,3dpt,MTZ,B05,AV1
B05_3dpt_MTZ_AV1.sc64,3dpt,MTZ,B05,AV1
B05_3dpt_MTZ_AV1.sc65,3dpt,MTZ,B05,AV1
B05_3dpt_MTZ_AV1.sc66,3dpt,MTZ,B05,AV1
B05_3dpt_MTZ_AV1.sc67,3dpt,MTZ,B05,AV1
B05_3dpt_MTZ_AV1.sc68,3dpt,MTZ,B05,AV1
B05_3dpt_MTZ_AV1.sc69,3dpt,MTZ,B05,AV1
B05_3dpt_MTZ_AV1.sc70,3dpt,MTZ,B05,AV1
B05_3dpt_MTZ_AV1.sc71,3dpt,MTZ,B05,AV1
B05_3dpt_MTZ_AV1.sc72,3dpt,MTZ,B05,AV1
B05_3dpt_MTZ_AV1.sc73,3dpt,MTZ,B05,AV1
B05_3dpt_MTZ_AV1.sc74,3dpt,MTZ,B05,AV1
B05_3dpt_MTZ_AV1.sc75,3dpt,MTZ,B05,AV1
B05_3dpt_MTZ_AV1.sc76,3dpt,MTZ,B05,AV1
B05_3dpt_MTZ_AV1.sc77,3dpt,MTZ,B05,AV1
B05_3dpt_MTZ_AV1.sc78,3dpt,MTZ,B05,AV1
B05_3dpt_MTZ_AV1.sc79,3dpt,MTZ,B05,AV1
B05_3dpt_MTZ_AV1.sc80,3dpt,MTZ,B05,AV1
B05_3dpt_MTZ_AV1.sc81,3dpt,MTZ,B05,AV1
B05_3dpt_MTZ_AV1.sc82,3dpt,MTZ,B05,AV1
B05_3dpt_MTZ_AV1.sc83,3dpt,MTZ,B05,AV1
B05_3dpt_MTZ_AV1.sc84,3dpt,MTZ,B05,AV1
B05_3dpt_MTZ_AV1.sc85,3dpt,MTZ,B05,AV1
B05_3dpt_MTZ_AV1.sc86,3dpt,MTZ,B05,AV1
B05_3dpt_MTZ_AV1.sc87,3dpt,MTZ,B05,AV1
B05_3dpt_MTZ_AV1.sc88,3dpt,MTZ,B05,AV1
B05_3dpt_MTZ_AV1.sc89,3dpt,MTZ,B05,AV1
B05_3dpt_MTZ_AV1.sc90,3dpt,MTZ,B05,AV1
B05_3dpt_MTZ_AV1.sc91,3dpt,MTZ,B05,AV1
B05_3dpt_MTZ_AV1.sc92,3dpt,MTZ,B05,AV1
B05_3dpt_MTZ_AV1.sc93,3dpt,MTZ,B05,AV1
B05_3dpt_MTZ_AV1.sc94,3dpt,MTZ,B05,AV1
B05_3dpt_MTZ_AV1.sc95,3dpt,MTZ,B05,AV1
B05_3dpt_MTZ_AV1.sc96,3dpt,MTZ,B05,AV1
B05_3dpt_MTZ_AV2.sc1,3dpt,MTZ,B05,AV2
B05_3dpt_MTZ_AV2.sc2,3dpt,MTZ,B05,AV2
B05_3dpt_MTZ_AV2.sc3,3dpt,MTZ,B05,AV2
B05_3dpt_MTZ_AV2.sc4,3dpt,MTZ,B05,AV2
B05_3dpt_MTZ_AV2.sc5,3dpt,MTZ,B05,AV2
B05_3dpt_MTZ_AV2.sc6,3dpt,MTZ,B05,AV2
B05_3dpt_MTZ_AV2.sc7,3dpt,MTZ,B05,AV2
B05_3dpt_MTZ_AV2.sc8,3dpt,MTZ,B05,AV2
B05_3dpt_MTZ_AV2.sc9,3dpt,MTZ,B05,AV2
B05_3dpt_MTZ_AV2.sc10,3dpt,MTZ,B05,AV2
B05_3dpt_MTZ_AV2.sc11,3dpt,MTZ,B05,AV2
B05_3dpt_MTZ_AV2.sc12,3dpt,MTZ,B05,AV2
B05_3dpt_MTZ_AV2.sc13,3dpt,MTZ,B05,AV2
B05_3dpt_MTZ_AV2.sc14,3dpt,MTZ,B05,AV2
B05_3dpt_MTZ_AV2.sc15,3dpt,MTZ,B05,AV2
B05_3dpt_MTZ_AV2.sc16,3dpt,MTZ,B05,AV2
B05_3dpt_MTZ_AV2.sc17,3dpt,MTZ,B05,AV2
B05_3dpt_MTZ_AV2.sc18,3dpt,MTZ,B05,AV2
B05_3dpt_MTZ_AV2.sc19,3dpt,MTZ,B05,AV2
B05_3dpt_MTZ_AV2.sc20,3dpt,MTZ,B05,AV2
B05_3dpt_MTZ_AV2.sc21,3dpt,MTZ,B05,AV2
B05_3dpt_MTZ_AV2.sc22,3dpt,MTZ,B05,AV2
B05_3dpt_MTZ_AV2.sc23,3dpt,MTZ,B05,AV2
B05_3dpt_MTZ_AV2.sc24,3dpt,MTZ,B05,AV2
B05_3dpt_MTZ_AV2.sc25,3dpt,MTZ,B05,AV2
B05_3dpt_MTZ_AV2.sc26,3dpt,MTZ,B05,AV2
B05_3dpt_MTZ_AV2.sc27,3dpt,MTZ,B05,AV2
B05_3dpt_MTZ_AV2.sc28,3dpt,MTZ,B05,AV2
B05_3dpt_MTZ_AV2.sc29,3dpt,MTZ,B05,AV2
B05_3dpt_MTZ_AV2.sc30,3dpt,MTZ,B05,AV2
B05_3dpt_MTZ_AV2.sc31,3dpt,MTZ,B05,AV2
B05_3dpt_MTZ_AV2.sc32,3dpt,MTZ,B05,AV2
B05_3dpt_MTZ_AV2.sc33,3dpt,MTZ,B05,AV2
B05_3dpt_MTZ_AV2.sc34,3dpt,MTZ,B05,AV2
B05_3dpt_MTZ_AV2.sc35,3dpt,MTZ,B05,AV2
B05_3dpt_MTZ_AV2.sc36,3dpt,MTZ,B05,AV2
B05_3dpt_MTZ_AV2.sc37,3dpt,MTZ,B05,AV2
B05_3dpt_MTZ_AV2.sc38,3dpt,MTZ,B05,AV2
B05_3dpt_MTZ_AV2.sc39,3dpt,MTZ,B05,AV2
B05_3dpt_MTZ_AV2.sc40,3dpt,MTZ,B05,AV2
B05_3dpt_MTZ_AV2.sc41,3dpt,MTZ,B05,AV2
B05_3dpt_MTZ_AV2.sc42,3dpt,MTZ,B05,AV2
B05_3dpt_MTZ_AV2.sc43,3dpt,MTZ,B05,AV2
B05_3dpt_MTZ_AV2.sc44,3dpt,MTZ,B05,AV2
B05_3dpt_MTZ_AV2.sc45,3dpt,MTZ,B05,AV2
B05_3dpt_MTZ_AV2.sc46,3dpt,MTZ,B05,AV2
B05_3dpt_MTZ_AV2.sc47,3dpt,MTZ,B05,AV2
B05_3dpt_MTZ_AV2.sc48,3dpt,MTZ,B05,AV2
B06_1dpt_CT_CMA.sc49,1dpt,CT,B06,CMA
B06_1dpt_CT_CMA.sc50,1dpt,CT,B06,CMA
B06_1dpt_CT_CMA.sc51,1dpt,CT,B06,CMA
B06_1dpt_CT_CMA.sc52,1dpt,CT,B06,CMA
B06_1dpt_CT_CMA.sc53,1dpt,CT,B06,CMA
B06_1dpt_CT_CMA.sc54,1dpt,CT,B06,CMA
B06_1dpt_CT_CMA.sc55,1dpt,CT,B06,CMA
B06_1dpt_CT_CMA.sc56,1dpt,CT,B06,CMA
B06_1dpt_CT_CMA.sc57,1dpt,CT,B06,CMA
B06_1dpt_CT_CMA.sc58,1dpt,CT,B06,CMA
B06_1dpt_CT_CMA.sc59,1dpt,CT,B06,CMA
B06_1dpt_CT_CMA.sc60,1dpt,CT,B06,CMA
B06_1dpt_CT_CMA.sc61,1dpt,CT,B06,CMA
B06_1dpt_CT_CMA.sc62,1dpt,CT,B06,CMA
B06_1dpt_CT_CMA.sc63,1dpt,CT,B06,CMA
B06_1dpt_CT_CMA.sc64,1dpt,CT,B06,CMA
B06_1dpt_CT_CMA.sc65,1dpt,CT,B06,CMA
B06_1dpt_CT_CMA.sc66,1dpt,CT,B06,CMA
B06_1dpt_CT_CMA.sc67,1dpt,CT,B06,CMA
B06_1dpt_CT_CMA.sc68,1dpt,CT,B06,CMA
B06_1dpt_CT_CMA.sc69,1dpt,CT,B06,CMA
B06_1dpt_CT_CMA.sc70,1dpt,CT,B06,CMA
B06_1dpt_CT_CMA.sc71,1dpt,CT,B06,CMA
B06_1dpt_CT_CMA.sc72,1dpt,CT,B06,CMA
B06_1dpt_CT_CMA.sc73,1dpt,CT,B06,CMA
B06_1dpt_CT_CMA.sc74,1dpt,CT,B06,CMA
B06_1dpt_CT_CMA.sc75,1dpt,CT,B06,CMA
B06_1dpt_CT_CMA.sc76,1dpt,CT,B06,CMA
B06_1dpt_CT_CMA.sc77,1dpt,CT,B06,CMA
B06_1dpt_CT_CMA.sc78,1dpt,CT,B06,CMA
B06_1dpt_CT_CMA.sc79,1dpt,CT,B06,CMA
B06_1dpt_CT_CMA.sc80,1dpt,CT,B06,CMA
B06_1dpt_CT_CMA.sc81,1dpt,CT,B06,CMA
B06_1dpt_CT_CMA.sc82,1dpt,CT,B06,CMA
B06_1dpt_CT_CMA.sc83,1dpt,CT,B06,CMA
B06_1dpt_CT_CMA.sc84,1dpt,CT,B06,CMA
B06_1dpt_CT_CMA.sc85,1dpt,CT,B06,CMA
B06_1dpt_CT_CMA.sc86,1dpt,CT,B06,CMA
B06_1dpt_CT_CMA.sc87,1dpt,CT,B06,CMA
B06_1dpt_CT_CMA.sc88,1dpt,CT,B06,CMA
B06_1dpt_CT_CMA.sc89,1dpt,CT,B06,CMA
B06_1dpt_CT_CMA.sc90,1dpt,CT,B06,CMA
B06_1dpt_CT_CMA.sc91,1dpt,CT,B06,CMA
B06_1dpt_CT_CMA.sc92,1dpt,CT,B06,CMA
B06_1dpt_CT_CMA.sc93,1dpt,CT,B06,CMA
B06_1dpt_CT_CMA.sc94,1dpt,CT,B06,CMA
B06_1dpt_CT_CMA.sc95,1dpt,CT,B06,CMA
B06_1dpt_CT_CMA.sc96,1dpt,CT,B06,CMA
B06_1dpt_CT_CMV.sc1,1dpt,CT,B06,CMV
B06_1dpt_CT_CMV.sc2,1dpt,CT,B06,CMV
B06_1dpt_CT_CMV.sc3,1dpt,CT,B06,CMV
B06_1dpt_CT_CMV.sc4,1dpt,CT,B06,CMV
B06_1dpt_CT_CMV.sc5,1dpt,CT,B06,CMV
B06_1dpt_CT_CMV.sc6,1dpt,CT,B06,CMV
B06_1dpt_CT_CMV.sc7,1dpt,CT,B06,CMV
B06_1dpt_CT_CMV.sc8,1dpt,CT,B06,CMV
B06_1dpt_CT_CMV.sc9,1dpt,CT,B06,CMV
B06_1dpt_CT_CMV.sc10,1dpt,CT,B06,CMV
B06_1dpt_CT_CMV.sc11,1dpt,CT,B06,CMV
B06_1dpt_CT_CMV.sc12,1dpt,CT,B06,CMV
B06_1dpt_CT_CMV.sc13,1dpt,CT,B06,CMV
B06_1dpt_CT_CMV.sc14,1dpt,CT,B06,CMV
B06_1dpt_CT_CMV.sc15,1dpt,CT,B06,CMV
B06_1dpt_CT_CMV.sc16,1dpt,CT,B06,CMV
B06_1dpt_CT_CMV.sc17,1dpt,CT,B06,CMV
B06_1dpt_CT_CMV.sc18,1dpt,CT,B06,CMV
B06_1dpt_CT_CMV.sc19,1dpt,CT,B06,CMV
B06_1dpt_CT_CMV.sc20,1dpt,CT,B06,CMV
B06_1dpt_CT_CMV.sc21,1dpt,CT,B06,CMV
B06_1dpt_CT_CMV.sc22,1dpt,CT,B06,CMV
B06_1dpt_CT_CMV.sc23,1dpt,CT,B06,CMV
B06_1dpt_CT_CMV.sc24,1dpt,CT,B06,CMV
B06_1dpt_CT_CMV.sc25,1dpt,CT,B06,CMV
B06_1dpt_CT_CMV.sc26,1dpt,CT,B06,CMV
B06_1dpt_CT_CMV.sc27,1dpt,CT,B06,CMV
B06_1dpt_CT_CMV.sc28,1dpt,CT,B06,CMV
B06_1dpt_CT_CMV.sc29,1dpt,CT,B06,CMV
B06_1dpt_CT_CMV.sc30,1dpt,CT,B06,CMV
B06_1dpt_CT_CMV.sc31,1dpt,CT,B06,CMV
B06_1dpt_CT_CMV.sc32,1dpt,CT,B06,CMV
B06_1dpt_CT_CMV.sc33,1dpt,CT,B06,CMV
B06_1dpt_CT_CMV.sc34,1dpt,CT,B06,CMV
B06_1dpt_CT_CMV.sc35,1dpt,CT,B06,CMV
B06_1dpt_CT_CMV.sc36,1dpt,CT,B06,CMV
B06_1dpt_CT_CMV.sc37,1dpt,CT,B06,CMV
B06_1dpt_CT_CMV.sc38,1dpt,CT,B06,CMV
B06_1dpt_CT_CMV.sc39,1dpt,CT,B06,CMV
B06_1dpt_CT_CMV.sc40,1dpt,CT,B06,CMV
B06_1dpt_CT_CMV.sc41,1dpt,CT,B06,CMV
B06_1dpt_CT_CMV.sc42,1dpt,CT,B06,CMV
B06_1dpt_CT_CMV.sc43,1dpt,CT,B06,CMV
B06_1dpt_CT_CMV.sc44,1dpt,CT,B06,CMV
B06_1dpt_CT_CMV.sc45,1dpt,CT,B06,CMV
B06_1dpt_CT_CMV.sc46,1dpt,CT,B06,CMV
B06_1dpt_CT_CMV.sc47,1dpt,CT,B06,CMV
B06_1dpt_CT_CMV.sc48,1dpt,CT,B06,CMV
B06_1dpt_MTZ_CMA.sc1,1dpt,MTZ,B06,CMA
B06_1dpt_MTZ_CMA.sc2,1dpt,MTZ,B06,CMA
B06_1dpt_MTZ_CMA.sc3,1dpt,MTZ,B06,CMA
B06_1dpt_MTZ_CMA.sc4,1dpt,MTZ,B06,CMA
B06_1dpt_MTZ_CMA.sc5,1dpt,MTZ,B06,CMA
B06_1dpt_MTZ_CMA.sc6,1dpt,MTZ,B06,CMA
B06_1dpt_MTZ_CMA.sc7,1dpt,MTZ,B06,CMA
B06_1dpt_MTZ_CMA.sc8,1dpt,MTZ,B06,CMA
B06_1dpt_MTZ_CMA.sc9,1dpt,MTZ,B06,CMA
B06_1dpt_MTZ_CMA.sc10,1dpt,MTZ,B06,CMA
B06_1dpt_MTZ_CMA.sc11,1dpt,MTZ,B06,CMA
B06_1dpt_MTZ_CMA.sc12,1dpt,MTZ,B06,CMA
B06_1dpt_MTZ_CMA.sc13,1dpt,MTZ,B06,CMA
B06_1dpt_MTZ_CMA.sc14,1dpt,MTZ,B06,CMA
B06_1dpt_MTZ_CMA.sc15,1dpt,MTZ,B06,CMA
B06_1dpt_MTZ_CMA.sc16,1dpt,MTZ,B06,CMA
B06_1dpt_MTZ_CMA.sc17,1dpt,MTZ,B06,CMA
B06_1dpt_MTZ_CMA.sc18,1dpt,MTZ,B06,CMA
B06_1dpt_MTZ_CMA.sc19,1dpt,MTZ,B06,CMA
B06_1dpt_MTZ_CMA.sc20,1dpt,MTZ,B06,CMA
B06_1dpt_MTZ_CMA.sc21,1dpt,MTZ,B06,CMA
B06_1dpt_MTZ_CMA.sc22,1dpt,MTZ,B06,CMA
B06_1dpt_MTZ_CMA.sc23,1dpt,MTZ,B06,CMA
B06_1dpt_MTZ_CMA.sc24,1dpt,MTZ,B06,CMA
B06_1dpt_MTZ_CMA.sc25,1dpt,MTZ,B06,CMA
B06_1dpt_MTZ_CMA.sc26,1dpt,MTZ,B06,CMA
B06_1dpt_MTZ_CMA.sc27,1dpt,MTZ,B06,CMA
B06_1dpt_MTZ_CMA.sc28,1dpt,MTZ,B06,CMA
B06_1dpt_MTZ_CMA.sc29,1dpt,MTZ,B06,CMA
B06_1dpt_MTZ_CMA.sc30,1dpt,MTZ,B06,CMA
B06_1dpt_MTZ_CMA.sc31,1dpt,MTZ,B06,CMA
B06_1dpt_MTZ_CMA.sc32,1dpt,MTZ,B06,CMA
B06_1dpt_MTZ_CMA.sc33,1dpt,MTZ,B06,CMA
B06_1dpt_MTZ_CMA.sc34,1dpt,MTZ,B06,CMA
B06_1dpt_MTZ_CMA.sc35,1dpt,MTZ,B06,CMA
B06_1dpt_MTZ_CMA.sc36,1dpt,MTZ,B06,CMA
B06_1dpt_MTZ_CMA.sc37,1dpt,MTZ,B06,CMA
B06_1dpt_MTZ_CMA.sc38,1dpt,MTZ,B06,CMA
B06_1dpt_MTZ_CMA.sc39,1dpt,MTZ,B06,CMA
B06_1dpt_MTZ_CMA.sc40,1dpt,MTZ,B06,CMA
B06_1dpt_MTZ_CMA.sc41,1dpt,MTZ,B06,CMA
B06_1dpt_MTZ_CMA.sc42,1dpt,MTZ,B06,CMA
B06_1dpt_MTZ_CMA.sc43,1dpt,MTZ,B06,CMA
B06_1dpt_MTZ_CMA.sc44,1dpt,MTZ,B06,CMA
B06_1dpt_MTZ_CMA.sc45,1dpt,MTZ,B06,CMA
B06_1dpt_MTZ_CMA.sc46,1dpt,MTZ,B06,CMA
B06_1dpt_MTZ_CMA.sc47,1dpt,MTZ,B06,CMA
B06_1dpt_MTZ_CMA.sc48,1dpt,MTZ,B06,CMA
B06_1dpt_MTZ_CMA.sc49,1dpt,MTZ,B06,CMA
B06_1dpt_MTZ_CMA.sc50,1dpt,MTZ,B06,CMA
B06_1dpt_MTZ_CMA.sc51,1dpt,MTZ,B06,CMA
B06_1dpt_MTZ_CMA.sc52,1dpt,MTZ,B06,CMA
B06_1dpt_MTZ_CMA.sc53,1dpt,MTZ,B06,CMA
B06_1dpt_MTZ_CMA.sc54,1dpt,MTZ,B06,CMA
B06_1dpt_MTZ_CMA.sc55,1dpt,MTZ,B06,CMA
B06_1dpt_MTZ_CMA.sc56,1dpt,MTZ,B06,CMA
B06_1dpt_MTZ_CMA.sc57,1dpt,MTZ,B06,CMA
B06_1dpt_MTZ_CMA.sc58,1dpt,MTZ,B06,CMA
B06_1dpt_MTZ_CMA.sc59,1dpt,MTZ,B06,CMA
B06_1dpt_MTZ_CMA.sc60,1dpt,MTZ,B06,CMA
B06_1dpt_MTZ_CMA.sc61,1dpt,MTZ,B06,CMA
B06_1dpt_MTZ_CMA.sc62,1dpt,MTZ,B06,CMA
B06_1dpt_MTZ_CMA.sc63,1dpt,MTZ,B06,CMA
B06_1dpt_MTZ_CMA.sc64,1dpt,MTZ,B06,CMA
B06_1dpt_MTZ_CMA.sc65,1dpt,MTZ,B06,CMA
B06_1dpt_MTZ_CMA.sc66,1dpt,MTZ,B06,CMA
B06_1dpt_MTZ_CMA.sc67,1dpt,MTZ,B06,CMA
B06_1dpt_MTZ_CMA.sc68,1dpt,MTZ,B06,CMA
B06_1dpt_MTZ_CMA.sc69,1dpt,MTZ,B06,CMA
B06_1dpt_MTZ_CMA.sc70,1dpt,MTZ,B06,CMA
B06_1dpt_MTZ_CMA.sc71,1dpt,MTZ,B06,CMA
B06_1dpt_MTZ_CMA.sc72,1dpt,MTZ,B06,CMA
B06_1dpt_MTZ_CMA.sc73,1dpt,MTZ,B06,CMA
B06_1dpt_MTZ_CMA.sc74,1dpt,MTZ,B06,CMA
B06_1dpt_MTZ_CMA.sc75,1dpt,MTZ,B06,CMA
B06_1dpt_MTZ_CMA.sc76,1dpt,MTZ,B06,CMA
B06_1dpt_MTZ_CMA.sc77,1dpt,MTZ,B06,CMA
B06_1dpt_MTZ_CMA.sc78,1dpt,MTZ,B06,CMA
B06_1dpt_MTZ_CMA.sc79,1dpt,MTZ,B06,CMA
B06_1dpt_MTZ_CMA.sc80,1dpt,MTZ,B06,CMA
B06_1dpt_MTZ_CMA.sc81,1dpt,MTZ,B06,CMA
B06_1dpt_MTZ_CMA.sc82,1dpt,MTZ,B06,CMA
B06_1dpt_MTZ_CMA.sc83,1dpt,MTZ,B06,CMA
B06_1dpt_MTZ_CMA.sc84,1dpt,MTZ,B06,CMA
B06_1dpt_MTZ_CMA.sc85,1dpt,MTZ,B06,CMA
B06_1dpt_MTZ_CMA.sc86,1dpt,MTZ,B06,CMA
B06_1dpt_MTZ_CMA.sc87,1dpt,MTZ,B06,CMA
B06_1dpt_MTZ_CMA.sc88,1dpt,MTZ,B06,CMA
B06_1dpt_MTZ_CMA.sc89,1dpt,MTZ,B06,CMA
B06_1dpt_MTZ_CMA.sc90,1dpt,MTZ,B06,CMA
B06_1dpt_MTZ_CMA.sc91,1dpt,MTZ,B06,CMA
B06_1dpt_MTZ_CMA.sc92,1dpt,MTZ,B06,CMA
B06_1dpt_MTZ_CMA.sc93,1dpt,MTZ,B06,CMA
B06_1dpt_MTZ_CMA.sc94,1dpt,MTZ,B06,CMA
B06_1dpt_MTZ_CMA.sc95,1dpt,MTZ,B06,CMA
B06_1dpt_MTZ_CMA.sc96,1dpt,MTZ,B06,CMA
B06_1dpt_MTZ_CMV.sc1,1dpt,MTZ,B06,CMV
B06_1dpt_MTZ_CMV.sc2,1dpt,MTZ,B06,CMV
B06_1dpt_MTZ_CMV.sc3,1dpt,MTZ,B06,CMV
B06_1dpt_MTZ_CMV.sc4,1dpt,MTZ,B06,CMV
B06_1dpt_MTZ_CMV.sc5,1dpt,MTZ,B06,CMV
B06_1dpt_MTZ_CMV.sc6,1dpt,MTZ,B06,CMV
B06_1dpt_MTZ_CMV.sc7,1dpt,MTZ,B06,CMV
B06_1dpt_MTZ_CMV.sc8,1dpt,MTZ,B06,CMV
B06_1dpt_MTZ_CMV.sc9,1dpt,MTZ,B06,CMV
B06_1dpt_MTZ_CMV.sc10,1dpt,MTZ,B06,CMV
B06_1dpt_MTZ_CMV.sc11,1dpt,MTZ,B06,CMV
B06_1dpt_MTZ_CMV.sc12,1dpt,MTZ,B06,CMV
B06_1dpt_MTZ_CMV.sc13,1dpt,MTZ,B06,CMV
B06_1dpt_MTZ_CMV.sc14,1dpt,MTZ,B06,CMV
B06_1dpt_MTZ_CMV.sc15,1dpt,MTZ,B06,CMV
B06_1dpt_MTZ_CMV.sc16,1dpt,MTZ,B06,CMV
B06_1dpt_MTZ_CMV.sc17,1dpt,MTZ,B06,CMV
B06_1dpt_MTZ_CMV.sc18,1dpt,MTZ,B06,CMV
B06_1dpt_MTZ_CMV.sc19,1dpt,MTZ,B06,CMV
B06_1dpt_MTZ_CMV.sc20,1dpt,MTZ,B06,CMV
B06_1dpt_MTZ_CMV.sc21,1dpt,MTZ,B06,CMV
B06_1dpt_MTZ_CMV.sc22,1dpt,MTZ,B06,CMV
B06_1dpt_MTZ_CMV.sc23,1dpt,MTZ,B06,CMV
B06_1dpt_MTZ_CMV.sc24,1dpt,MTZ,B06,CMV
B06_1dpt_MTZ_CMV.sc25,1dpt,MTZ,B06,CMV
B06_1dpt_MTZ_CMV.sc26,1dpt,MTZ,B06,CMV
B06_1dpt_MTZ_CMV.sc27,1dpt,MTZ,B06,CMV
B06_1dpt_MTZ_CMV.sc28,1dpt,MTZ,B06,CMV
B06_1dpt_MTZ_CMV.sc29,1dpt,MTZ,B06,CMV
B06_1dpt_MTZ_CMV.sc30,1dpt,MTZ,B06,CMV
B06_1dpt_MTZ_CMV.sc31,1dpt,MTZ,B06,CMV
B06_1dpt_MTZ_CMV.sc32,1dpt,MTZ,B06,CMV
B06_1dpt_MTZ_CMV.sc33,1dpt,MTZ,B06,CMV
B06_1dpt_MTZ_CMV.sc34,1dpt,MTZ,B06,CMV
B06_1dpt_MTZ_CMV.sc35,1dpt,MTZ,B06,CMV
B06_1dpt_MTZ_CMV.sc36,1dpt,MTZ,B06,CMV
B06_1dpt_MTZ_CMV.sc37,1dpt,MTZ,B06,CMV
B06_1dpt_MTZ_CMV.sc38,1dpt,MTZ,B06,CMV
B06_1dpt_MTZ_CMV.sc39,1dpt,MTZ,B06,CMV
B06_1dpt_MTZ_CMV.sc40,1dpt,MTZ,B06,CMV
B06_1dpt_MTZ_CMV.sc41,1dpt,MTZ,B06,CMV
B06_1dpt_MTZ_CMV.sc42,1dpt,MTZ,B06,CMV
B06_1dpt_MTZ_CMV.sc43,1dpt,MTZ,B06,CMV
B06_1dpt_MTZ_CMV.sc44,1dpt,MTZ,B06,CMV
B06_1dpt_MTZ_CMV.sc45,1dpt,MTZ,B06,CMV
B06_1dpt_MTZ_CMV.sc46,1dpt,MTZ,B06,CMV
B06_1dpt_MTZ_CMV.sc47,1dpt,MTZ,B06,CMV
B06_1dpt_MTZ_CMV.sc48,1dpt,MTZ,B06,CMV
B06_1dpt_MTZ_CMV.sc49,1dpt,MTZ,B06,CMV
B06_1dpt_MTZ_CMV.sc50,1dpt,MTZ,B06,CMV
B06_1dpt_MTZ_CMV.sc51,1dpt,MTZ,B06,CMV
B06_1dpt_MTZ_CMV.sc52,1dpt,MTZ,B06,CMV
B06_1dpt_MTZ_CMV.sc53,1dpt,MTZ,B06,CMV
B06_1dpt_MTZ_CMV.sc54,1dpt,MTZ,B06,CMV
B06_1dpt_MTZ_CMV.sc55,1dpt,MTZ,B06,CMV
B06_1dpt_MTZ_CMV.sc56,1dpt,MTZ,B06,CMV
B06_1dpt_MTZ_CMV.sc57,1dpt,MTZ,B06,CMV
B06_1dpt_MTZ_CMV.sc58,1dpt,MTZ,B06,CMV
B06_1dpt_MTZ_CMV.sc59,1dpt,MTZ,B06,CMV
B06_1dpt_MTZ_CMV.sc60,1dpt,MTZ,B06,CMV
B06_1dpt_MTZ_CMV.sc61,1dpt,MTZ,B06,CMV
B06_1dpt_MTZ_CMV.sc62,1dpt,MTZ,B06,CMV
B06_1dpt_MTZ_CMV.sc63,1dpt,MTZ,B06,CMV
B06_1dpt_MTZ_CMV.sc64,1dpt,MTZ,B06,CMV
B06_1dpt_MTZ_CMV.sc65,1dpt,MTZ,B06,CMV
B06_1dpt_MTZ_CMV.sc66,1dpt,MTZ,B06,CMV
B06_1dpt_MTZ_CMV.sc67,1dpt,MTZ,B06,CMV
B06_1dpt_MTZ_CMV.sc68,1dpt,MTZ,B06,CMV
B06_1dpt_MTZ_CMV.sc69,1dpt,MTZ,B06,CMV
B06_1dpt_MTZ_CMV.sc70,1dpt,MTZ,B06,CMV
B06_1dpt_MTZ_CMV.sc71,1dpt,MTZ,B06,CMV
B06_1dpt_MTZ_CMV.sc72,1dpt,MTZ,B06,CMV
B06_1dpt_MTZ_CMV.sc73,1dpt,MTZ,B06,CMV
B06_1dpt_MTZ_CMV.sc74,1dpt,MTZ,B06,CMV
B06_1dpt_MTZ_CMV.sc75,1dpt,MTZ,B06,CMV
B06_1dpt_MTZ_CMV.sc76,1dpt,MTZ,B06,CMV
B06_1dpt_MTZ_CMV.sc77,1dpt,MTZ,B06,CMV
B06_1dpt_MTZ_CMV.sc78,1dpt,MTZ,B06,CMV
B06_1dpt_MTZ_CMV.sc79,1dpt,MTZ,B06,CMV
B06_1dpt_MTZ_CMV.sc80,1dpt,MTZ,B06,CMV
B06_1dpt_MTZ_CMV.sc81,1dpt,MTZ,B06,CMV
B06_1dpt_MTZ_CMV.sc82,1dpt,MTZ,B06,CMV
B06_1dpt_MTZ_CMV.sc83,1dpt,MTZ,B06,CMV
B06_1dpt_MTZ_CMV.sc84,1dpt,MTZ,B06,CMV
B06_1dpt_MTZ_CMV.sc85,1dpt,MTZ,B06,CMV
B06_1dpt_MTZ_CMV.sc86,1dpt,MTZ,B06,CMV
B06_1dpt_MTZ_CMV.sc87,1dpt,MTZ,B06,CMV
B06_1dpt_MTZ_CMV.sc88,1dpt,MTZ,B06,CMV
B06_1dpt_MTZ_CMV.sc89,1dpt,MTZ,B06,CMV
B06_1dpt_MTZ_CMV.sc90,1dpt,MTZ,B06,CMV
B06_1dpt_MTZ_CMV.sc91,1dpt,MTZ,B06,CMV
B06_1dpt_MTZ_CMV.sc92,1dpt,MTZ,B06,CMV
B06_1dpt_MTZ_CMV.sc93,1dpt,MTZ,B06,CMV
B06_1dpt_MTZ_CMV.sc94,1dpt,MTZ,B06,CMV
B06_1dpt_MTZ_CMV.sc95,1dpt,MTZ,B06,CMV
B06_1dpt_MTZ_CMV.sc96,1dpt,MTZ,B06,CMV
B06_2dpt_CT_CMA.sc1,2dpt,CT,B06,CMA
B06_2dpt_CT_CMA.sc2,2dpt,CT,B06,CMA
B06_2dpt_CT_CMA.sc3,2dpt,CT,B06,CMA
B06_2dpt_CT_CMA.sc4,2dpt,CT,B06,CMA
B06_2dpt_CT_CMA.sc5,2dpt,CT,B06,CMA
B06_2dpt_CT_CMA.sc6,2dpt,CT,B06,CMA
B06_2dpt_CT_CMA.sc7,2dpt,CT,B06,CMA
B06_2dpt_CT_CMA.sc8,2dpt,CT,B06,CMA
B06_2dpt_CT_CMA.sc9,2dpt,CT,B06,CMA
B06_2dpt_CT_CMA.sc10,2dpt,CT,B06,CMA
B06_2dpt_CT_CMA.sc11,2dpt,CT,B06,CMA
B06_2dpt_CT_CMA.sc12,2dpt,CT,B06,CMA
B06_2dpt_CT_CMA.sc13,2dpt,CT,B06,CMA
B06_2dpt_CT_CMA.sc14,2dpt,CT,B06,CMA
B06_2dpt_CT_CMA.sc15,2dpt,CT,B06,CMA
B06_2dpt_CT_CMA.sc16,2dpt,CT,B06,CMA
B06_2dpt_CT_CMA.sc17,2dpt,CT,B06,CMA
B06_2dpt_CT_CMA.sc18,2dpt,CT,B06,CMA
B06_2dpt_CT_CMA.sc19,2dpt,CT,B06,CMA
B06_2dpt_CT_CMA.sc20,2dpt,CT,B06,CMA
B06_2dpt_CT_CMA.sc21,2dpt,CT,B06,CMA
B06_2dpt_CT_CMA.sc22,2dpt,CT,B06,CMA
B06_2dpt_CT_CMA.sc23,2dpt,CT,B06,CMA
B06_2dpt_CT_CMA.sc24,2dpt,CT,B06,CMA
B06_2dpt_CT_CMA.sc25,2dpt,CT,B06,CMA
B06_2dpt_CT_CMA.sc26,2dpt,CT,B06,CMA
B06_2dpt_CT_CMA.sc27,2dpt,CT,B06,CMA
B06_2dpt_CT_CMA.sc28,2dpt,CT,B06,CMA
B06_2dpt_CT_CMA.sc29,2dpt,CT,B06,CMA
B06_2dpt_CT_CMA.sc30,2dpt,CT,B06,CMA
B06_2dpt_CT_CMA.sc31,2dpt,CT,B06,CMA
B06_2dpt_CT_CMA.sc32,2dpt,CT,B06,CMA
B06_2dpt_CT_CMA.sc33,2dpt,CT,B06,CMA
B06_2dpt_CT_CMA.sc34,2dpt,CT,B06,CMA
B06_2dpt_CT_CMA.sc35,2dpt,CT,B06,CMA
B06_2dpt_CT_CMA.sc36,2dpt,CT,B06,CMA
B06_2dpt_CT_CMA.sc37,2dpt,CT,B06,CMA
B06_2dpt_CT_CMA.sc38,2dpt,CT,B06,CMA
B06_2dpt_CT_CMA.sc39,2dpt,CT,B06,CMA
B06_2dpt_CT_CMA.sc40,2dpt,CT,B06,CMA
B06_2dpt_CT_CMA.sc41,2dpt,CT,B06,CMA
B06_2dpt_CT_CMA.sc42,2dpt,CT,B06,CMA
B06_2dpt_CT_CMA.sc43,2dpt,CT,B06,CMA
B06_2dpt_CT_CMA.sc44,2dpt,CT,B06,CMA
B06_2dpt_CT_CMA.sc45,2dpt,CT,B06,CMA
B06_2dpt_CT_CMA.sc46,2dpt,CT,B06,CMA
B06_2dpt_CT_CMA.sc47,2dpt,CT,B06,CMA
B06_2dpt_CT_CMA.sc48,2dpt,CT,B06,CMA
B06_2dpt_CT_CMV.sc49,2dpt,CT,B06,CMV
B06_2dpt_CT_CMV.sc50,2dpt,CT,B06,CMV
B06_2dpt_CT_CMV.sc51,2dpt,CT,B06,CMV
B06_2dpt_CT_CMV.sc52,2dpt,CT,B06,CMV
B06_2dpt_CT_CMV.sc53,2dpt,CT,B06,CMV
B06_2dpt_CT_CMV.sc54,2dpt,CT,B06,CMV
B06_2dpt_CT_CMV.sc55,2dpt,CT,B06,CMV
B06_2dpt_CT_CMV.sc56,2dpt,CT,B06,CMV
B06_2dpt_CT_CMV.sc57,2dpt,CT,B06,CMV
B06_2dpt_CT_CMV.sc58,2dpt,CT,B06,CMV
B06_2dpt_CT_CMV.sc59,2dpt,CT,B06,CMV
B06_2dpt_CT_CMV.sc60,2dpt,CT,B06,CMV
B06_2dpt_CT_CMV.sc61,2dpt,CT,B06,CMV
B06_2dpt_CT_CMV.sc62,2dpt,CT,B06,CMV
B06_2dpt_CT_CMV.sc63,2dpt,CT,B06,CMV
B06_2dpt_CT_CMV.sc64,2dpt,CT,B06,CMV
B06_2dpt_CT_CMV.sc65,2dpt,CT,B06,CMV
B06_2dpt_CT_CMV.sc66,2dpt,CT,B06,CMV
B06_2dpt_CT_CMV.sc67,2dpt,CT,B06,CMV
B06_2dpt_CT_CMV.sc68,2dpt,CT,B06,CMV
B06_2dpt_CT_CMV.sc69,2dpt,CT,B06,CMV
B06_2dpt_CT_CMV.sc70,2dpt,CT,B06,CMV
B06_2dpt_CT_CMV.sc71,2dpt,CT,B06,CMV
B06_2dpt_CT_CMV.sc72,2dpt,CT,B06,CMV
B06_2dpt_CT_CMV.sc73,2dpt,CT,B06,CMV
B06_2dpt_CT_CMV.sc74,2dpt,CT,B06,CMV
B06_2dpt_CT_CMV.sc75,2dpt,CT,B06,CMV
B06_2dpt_CT_CMV.sc76,2dpt,CT,B06,CMV
B06_2dpt_CT_CMV.sc77,2dpt,CT,B06,CMV
B06_2dpt_CT_CMV.sc78,2dpt,CT,B06,CMV
B06_2dpt_CT_CMV.sc79,2dpt,CT,B06,CMV
B06_2dpt_CT_CMV.sc80,2dpt,CT,B06,CMV
B06_2dpt_CT_CMV.sc81,2dpt,CT,B06,CMV
B06_2dpt_CT_CMV.sc82,2dpt,CT,B06,CMV
B06_2dpt_CT_CMV.sc83,2dpt,CT,B06,CMV
B06_2dpt_CT_CMV.sc84,2dpt,CT,B06,CMV
B06_2dpt_CT_CMV.sc85,2dpt,CT,B06,CMV
B06_2dpt_CT_CMV.sc86,2dpt,CT,B06,CMV
B06_2dpt_CT_CMV.sc87,2dpt,CT,B06,CMV
B06_2dpt_CT_CMV.sc88,2dpt,CT,B06,CMV
B06_2dpt_CT_CMV.sc89,2dpt,CT,B06,CMV
B06_2dpt_CT_CMV.sc90,2dpt,CT,B06,CMV
B06_2dpt_CT_CMV.sc91,2dpt,CT,B06,CMV
B06_2dpt_CT_CMV.sc92,2dpt,CT,B06,CMV
B06_2dpt_CT_CMV.sc93,2dpt,CT,B06,CMV
B06_2dpt_CT_CMV.sc94,2dpt,CT,B06,CMV
B06_2dpt_CT_CMV.sc95,2dpt,CT,B06,CMV
B06_2dpt_CT_CMV.sc96,2dpt,CT,B06,CMV
B06_2dpt_MTZ_CMA.sc1,2dpt,MTZ,B06,CMA
B06_2dpt_MTZ_CMA.sc2,2dpt,MTZ,B06,CMA
B06_2dpt_MTZ_CMA.sc3,2dpt,MTZ,B06,CMA
B06_2dpt_MTZ_CMA.sc4,2dpt,MTZ,B06,CMA
B06_2dpt_MTZ_CMA.sc5,2dpt,MTZ,B06,CMA
B06_2dpt_MTZ_CMA.sc6,2dpt,MTZ,B06,CMA
B06_2dpt_MTZ_CMA.sc7,2dpt,MTZ,B06,CMA
B06_2dpt_MTZ_CMA.sc8,2dpt,MTZ,B06,CMA
B06_2dpt_MTZ_CMA.sc9,2dpt,MTZ,B06,CMA
B06_2dpt_MTZ_CMA.sc10,2dpt,MTZ,B06,CMA
B06_2dpt_MTZ_CMA.sc11,2dpt,MTZ,B06,CMA
B06_2dpt_MTZ_CMA.sc12,2dpt,MTZ,B06,CMA
B06_2dpt_MTZ_CMA.sc13,2dpt,MTZ,B06,CMA
B06_2dpt_MTZ_CMA.sc14,2dpt,MTZ,B06,CMA
B06_2dpt_MTZ_CMA.sc15,2dpt,MTZ,B06,CMA
B06_2dpt_MTZ_CMA.sc16,2dpt,MTZ,B06,CMA
B06_2dpt_MTZ_CMA.sc17,2dpt,MTZ,B06,CMA
B06_2dpt_MTZ_CMA.sc18,2dpt,MTZ,B06,CMA
B06_2dpt_MTZ_CMA.sc19,2dpt,MTZ,B06,CMA
B06_2dpt_MTZ_CMA.sc20,2dpt,MTZ,B06,CMA
B06_2dpt_MTZ_CMA.sc21,2dpt,MTZ,B06,CMA
B06_2dpt_MTZ_CMA.sc22,2dpt,MTZ,B06,CMA
B06_2dpt_MTZ_CMA.sc23,2dpt,MTZ,B06,CMA
B06_2dpt_MTZ_CMA.sc24,2dpt,MTZ,B06,CMA
B06_2dpt_MTZ_CMA.sc25,2dpt,MTZ,B06,CMA
B06_2dpt_MTZ_CMA.sc26,2dpt,MTZ,B06,CMA
B06_2dpt_MTZ_CMA.sc27,2dpt,MTZ,B06,CMA
B06_2dpt_MTZ_CMA.sc28,2dpt,MTZ,B06,CMA
B06_2dpt_MTZ_CMA.sc29,2dpt,MTZ,B06,CMA
B06_2dpt_MTZ_CMA.sc30,2dpt,MTZ,B06,CMA
B06_2dpt_MTZ_CMA.sc31,2dpt,MTZ,B06,CMA
B06_2dpt_MTZ_CMA.sc32,2dpt,MTZ,B06,CMA
B06_2dpt_MTZ_CMA.sc33,2dpt,MTZ,B06,CMA
B06_2dpt_MTZ_CMA.sc34,2dpt,MTZ,B06,CMA
B06_2dpt_MTZ_CMA.sc35,2dpt,MTZ,B06,CMA
B06_2dpt_MTZ_CMA.sc36,2dpt,MTZ,B06,CMA
B06_2dpt_MTZ_CMA.sc37,2dpt,MTZ,B06,CMA
B06_2dpt_MTZ_CMA.sc38,2dpt,MTZ,B06,CMA
B06_2dpt_MTZ_CMA.sc39,2dpt,MTZ,B06,CMA
B06_2dpt_MTZ_CMA.sc40,2dpt,MTZ,B06,CMA
B06_2dpt_MTZ_CMA.sc41,2dpt,MTZ,B06,CMA
B06_2dpt_MTZ_CMA.sc42,2dpt,MTZ,B06,CMA
B06_2dpt_MTZ_CMA.sc43,2dpt,MTZ,B06,CMA
B06_2dpt_MTZ_CMA.sc44,2dpt,MTZ,B06,CMA
B06_2dpt_MTZ_CMA.sc45,2dpt,MTZ,B06,CMA
B06_2dpt_MTZ_CMA.sc46,2dpt,MTZ,B06,CMA
B06_2dpt_MTZ_CMA.sc47,2dpt,MTZ,B06,CMA
B06_2dpt_MTZ_CMA.sc48,2dpt,MTZ,B06,CMA
B06_2dpt_MTZ_CMA.sc49,2dpt,MTZ,B06,CMA
B06_2dpt_MTZ_CMA.sc50,2dpt,MTZ,B06,CMA
B06_2dpt_MTZ_CMA.sc51,2dpt,MTZ,B06,CMA
B06_2dpt_MTZ_CMA.sc52,2dpt,MTZ,B06,CMA
B06_2dpt_MTZ_CMA.sc53,2dpt,MTZ,B06,CMA
B06_2dpt_MTZ_CMA.sc54,2dpt,MTZ,B06,CMA
B06_2dpt_MTZ_CMA.sc55,2dpt,MTZ,B06,CMA
B06_2dpt_MTZ_CMA.sc56,2dpt,MTZ,B06,CMA
B06_2dpt_MTZ_CMA.sc57,2dpt,MTZ,B06,CMA
B06_2dpt_MTZ_CMA.sc58,2dpt,MTZ,B06,CMA
B06_2dpt_MTZ_CMA.sc59,2dpt,MTZ,B06,CMA
B06_2dpt_MTZ_CMA.sc60,2dpt,MTZ,B06,CMA
B06_2dpt_MTZ_CMA.sc61,2dpt,MTZ,B06,CMA
B06_2dpt_MTZ_CMA.sc62,2dpt,MTZ,B06,CMA
B06_2dpt_MTZ_CMA.sc63,2dpt,MTZ,B06,CMA
B06_2dpt_MTZ_CMA.sc64,2dpt,MTZ,B06,CMA
B06_2dpt_MTZ_CMA.sc65,2dpt,MTZ,B06,CMA
B06_2dpt_MTZ_CMA.sc66,2dpt,MTZ,B06,CMA
B06_2dpt_MTZ_CMA.sc67,2dpt,MTZ,B06,CMA
B06_2dpt_MTZ_CMA.sc68,2dpt,MTZ,B06,CMA
B06_2dpt_MTZ_CMA.sc69,2dpt,MTZ,B06,CMA
B06_2dpt_MTZ_CMA.sc70,2dpt,MTZ,B06,CMA
B06_2dpt_MTZ_CMA.sc71,2dpt,MTZ,B06,CMA
B06_2dpt_MTZ_CMA.sc72,2dpt,MTZ,B06,CMA
B06_2dpt_MTZ_CMA.sc73,2dpt,MTZ,B06,CMA
B06_2dpt_MTZ_CMA.sc74,2dpt,MTZ,B06,CMA
B06_2dpt_MTZ_CMA.sc75,2dpt,MTZ,B06,CMA
B06_2dpt_MTZ_CMA.sc76,2dpt,MTZ,B06,CMA
B06_2dpt_MTZ_CMA.sc77,2dpt,MTZ,B06,CMA
B06_2dpt_MTZ_CMA.sc78,2dpt,MTZ,B06,CMA
B06_2dpt_MTZ_CMA.sc79,2dpt,MTZ,B06,CMA
B06_2dpt_MTZ_CMA.sc80,2dpt,MTZ,B06,CMA
B06_2dpt_MTZ_CMA.sc81,2dpt,MTZ,B06,CMA
B06_2dpt_MTZ_CMA.sc82,2dpt,MTZ,B06,CMA
B06_2dpt_MTZ_CMA.sc83,2dpt,MTZ,B06,CMA
B06_2dpt_MTZ_CMA.sc84,2dpt,MTZ,B06,CMA
B06_2dpt_MTZ_CMA.sc85,2dpt,MTZ,B06,CMA
B06_2dpt_MTZ_CMA.sc86,2dpt,MTZ,B06,CMA
B06_2dpt_MTZ_CMA.sc87,2dpt,MTZ,B06,CMA
B06_2dpt_MTZ_CMA.sc88,2dpt,MTZ,B06,CMA
B06_2dpt_MTZ_CMA.sc89,2dpt,MTZ,B06,CMA
B06_2dpt_MTZ_CMA.sc90,2dpt,MTZ,B06,CMA
B06_2dpt_MTZ_CMA.sc91,2dpt,MTZ,B06,CMA
B06_2dpt_MTZ_CMA.sc92,2dpt,MTZ,B06,CMA
B06_2dpt_MTZ_CMA.sc93,2dpt,MTZ,B06,CMA
B06_2dpt_MTZ_CMA.sc94,2dpt,MTZ,B06,CMA
B06_2dpt_MTZ_CMA.sc95,2dpt,MTZ,B06,CMA
B06_2dpt_MTZ_CMA.sc96,2dpt,MTZ,B06,CMA
B06_2dpt_MTZ_CMV.sc1,2dpt,MTZ,B06,CMV
B06_2dpt_MTZ_CMV.sc2,2dpt,MTZ,B06,CMV
B06_2dpt_MTZ_CMV.sc3,2dpt,MTZ,B06,CMV
B06_2dpt_MTZ_CMV.sc4,2dpt,MTZ,B06,CMV
B06_2dpt_MTZ_CMV.sc5,2dpt,MTZ,B06,CMV
B06_2dpt_MTZ_CMV.sc6,2dpt,MTZ,B06,CMV
B06_2dpt_MTZ_CMV.sc7,2dpt,MTZ,B06,CMV
B06_2dpt_MTZ_CMV.sc8,2dpt,MTZ,B06,CMV
B06_2dpt_MTZ_CMV.sc9,2dpt,MTZ,B06,CMV
B06_2dpt_MTZ_CMV.sc10,2dpt,MTZ,B06,CMV
B06_2dpt_MTZ_CMV.sc11,2dpt,MTZ,B06,CMV
B06_2dpt_MTZ_CMV.sc12,2dpt,MTZ,B06,CMV
B06_2dpt_MTZ_CMV.sc13,2dpt,MTZ,B06,CMV
B06_2dpt_MTZ_CMV.sc14,2dpt,MTZ,B06,CMV
B06_2dpt_MTZ_CMV.sc15,2dpt,MTZ,B06,CMV
B06_2dpt_MTZ_CMV.sc16,2dpt,MTZ,B06,CMV
B06_2dpt_MTZ_CMV.sc17,2dpt,MTZ,B06,CMV
B06_2dpt_MTZ_CMV.sc18,2dpt,MTZ,B06,CMV
B06_2dpt_MTZ_CMV.sc19,2dpt,MTZ,B06,CMV
B06_2dpt_MTZ_CMV.sc20,2dpt,MTZ,B06,CMV
B06_2dpt_MTZ_CMV.sc21,2dpt,MTZ,B06,CMV
B06_2dpt_MTZ_CMV.sc22,2dpt,MTZ,B06,CMV
B06_2dpt_MTZ_CMV.sc23,2dpt,MTZ,B06,CMV
B06_2dpt_MTZ_CMV.sc24,2dpt,MTZ,B06,CMV
B06_2dpt_MTZ_CMV.sc25,2dpt,MTZ,B06,CMV
B06_2dpt_MTZ_CMV.sc26,2dpt,MTZ,B06,CMV
B06_2dpt_MTZ_CMV.sc27,2dpt,MTZ,B06,CMV
B06_2dpt_MTZ_CMV.sc28,2dpt,MTZ,B06,CMV
B06_2dpt_MTZ_CMV.sc29,2dpt,MTZ,B06,CMV
B06_2dpt_MTZ_CMV.sc30,2dpt,MTZ,B06,CMV
B06_2dpt_MTZ_CMV.sc31,2dpt,MTZ,B06,CMV
B06_2dpt_MTZ_CMV.sc32,2dpt,MTZ,B06,CMV
B06_2dpt_MTZ_CMV.sc33,2dpt,MTZ,B06,CMV
B06_2dpt_MTZ_CMV.sc34,2dpt,MTZ,B06,CMV
B06_2dpt_MTZ_CMV.sc35,2dpt,MTZ,B06,CMV
B06_2dpt_MTZ_CMV.sc36,2dpt,MTZ,B06,CMV
B06_2dpt_MTZ_CMV.sc37,2dpt,MTZ,B06,CMV
B06_2dpt_MTZ_CMV.sc38,2dpt,MTZ,B06,CMV
B06_2dpt_MTZ_CMV.sc39,2dpt,MTZ,B06,CMV
B06_2dpt_MTZ_CMV.sc40,2dpt,MTZ,B06,CMV
B06_2dpt_MTZ_CMV.sc41,2dpt,MTZ,B06,CMV
B06_2dpt_MTZ_CMV.sc42,2dpt,MTZ,B06,CMV
B06_2dpt_MTZ_CMV.sc43,2dpt,MTZ,B06,CMV
B06_2dpt_MTZ_CMV.sc44,2dpt,MTZ,B06,CMV
B06_2dpt_MTZ_CMV.sc45,2dpt,MTZ,B06,CMV
B06_2dpt_MTZ_CMV.sc46,2dpt,MTZ,B06,CMV
B06_2dpt_MTZ_CMV.sc47,2dpt,MTZ,B06,CMV
B06_2dpt_MTZ_CMV.sc48,2dpt,MTZ,B06,CMV
B06_2dpt_MTZ_CMV.sc49,2dpt,MTZ,B06,CMV
B06_2dpt_MTZ_CMV.sc50,2dpt,MTZ,B06,CMV
B06_2dpt_MTZ_CMV.sc51,2dpt,MTZ,B06,CMV
B06_2dpt_MTZ_CMV.sc52,2dpt,MTZ,B06,CMV
B06_2dpt_MTZ_CMV.sc53,2dpt,MTZ,B06,CMV
B06_2dpt_MTZ_CMV.sc54,2dpt,MTZ,B06,CMV
B06_2dpt_MTZ_CMV.sc55,2dpt,MTZ,B06,CMV
B06_2dpt_MTZ_CMV.sc56,2dpt,MTZ,B06,CMV
B06_2dpt_MTZ_CMV.sc57,2dpt,MTZ,B06,CMV
B06_2dpt_MTZ_CMV.sc58,2dpt,MTZ,B06,CMV
B06_2dpt_MTZ_CMV.sc59,2dpt,MTZ,B06,CMV
B06_2dpt_MTZ_CMV.sc60,2dpt,MTZ,B06,CMV
B06_2dpt_MTZ_CMV.sc61,2dpt,MTZ,B06,CMV
B06_2dpt_MTZ_CMV.sc62,2dpt,MTZ,B06,CMV
B06_2dpt_MTZ_CMV.sc63,2dpt,MTZ,B06,CMV
B06_2dpt_MTZ_CMV.sc64,2dpt,MTZ,B06,CMV
B06_2dpt_MTZ_CMV.sc65,2dpt,MTZ,B06,CMV
B06_2dpt_MTZ_CMV.sc66,2dpt,MTZ,B06,CMV
B06_2dpt_MTZ_CMV.sc67,2dpt,MTZ,B06,CMV
B06_2dpt_MTZ_CMV.sc68,2dpt,MTZ,B06,CMV
B06_2dpt_MTZ_CMV.sc69,2dpt,MTZ,B06,CMV
B06_2dpt_MTZ_CMV.sc70,2dpt,MTZ,B06,CMV
B06_2dpt_MTZ_CMV.sc71,2dpt,MTZ,B06,CMV
B06_2dpt_MTZ_CMV.sc72,2dpt,MTZ,B06,CMV
B06_2dpt_MTZ_CMV.sc73,2dpt,MTZ,B06,CMV
B06_2dpt_MTZ_CMV.sc74,2dpt,MTZ,B06,CMV
B06_2dpt_MTZ_CMV.sc75,2dpt,MTZ,B06,CMV
B06_2dpt_MTZ_CMV.sc76,2dpt,MTZ,B06,CMV
B06_2dpt_MTZ_CMV.sc77,2dpt,MTZ,B06,CMV
B06_2dpt_MTZ_CMV.sc78,2dpt,MTZ,B06,CMV
B06_2dpt_MTZ_CMV.sc79,2dpt,MTZ,B06,CMV
B06_2dpt_MTZ_CMV.sc80,2dpt,MTZ,B06,CMV
B06_2dpt_MTZ_CMV.sc81,2dpt,MTZ,B06,CMV
B06_2dpt_MTZ_CMV.sc82,2dpt,MTZ,B06,CMV
B06_2dpt_MTZ_CMV.sc83,2dpt,MTZ,B06,CMV
B06_2dpt_MTZ_CMV.sc84,2dpt,MTZ,B06,CMV
B06_2dpt_MTZ_CMV.sc85,2dpt,MTZ,B06,CMV
B06_2dpt_MTZ_CMV.sc86,2dpt,MTZ,B06,CMV
B06_2dpt_MTZ_CMV.sc87,2dpt,MTZ,B06,CMV
B06_2dpt_MTZ_CMV.sc88,2dpt,MTZ,B06,CMV
B06_2dpt_MTZ_CMV.sc89,2dpt,MTZ,B06,CMV
B06_2dpt_MTZ_CMV.sc90,2dpt,MTZ,B06,CMV
B06_2dpt_MTZ_CMV.sc91,2dpt,MTZ,B06,CMV
B06_2dpt_MTZ_CMV.sc92,2dpt,MTZ,B06,CMV
B06_2dpt_MTZ_CMV.sc93,2dpt,MTZ,B06,CMV
B06_2dpt_MTZ_CMV.sc94,2dpt,MTZ,B06,CMV
B06_2dpt_MTZ_CMV.sc95,2dpt,MTZ,B06,CMV
B06_2dpt_MTZ_CMV.sc96,2dpt,MTZ,B06,CMV
B07_3dpt_CT_CMA2.sc1,3dpt,CT,B07,CMA
B07_3dpt_CT_CMA2.sc2,3dpt,CT,B07,CMA
B07_3dpt_CT_CMA2.sc3,3dpt,CT,B07,CMA
B07_3dpt_CT_CMA2.sc4,3dpt,CT,B07,CMA
B07_3dpt_CT_CMA2.sc5,3dpt,CT,B07,CMA
B07_3dpt_CT_CMA2.sc6,3dpt,CT,B07,CMA
B07_3dpt_CT_CMA2.sc7,3dpt,CT,B07,CMA
B07_3dpt_CT_CMA2.sc8,3dpt,CT,B07,CMA
B07_3dpt_CT_CMA2.sc9,3dpt,CT,B07,CMA
B07_3dpt_CT_CMA2.sc10,3dpt,CT,B07,CMA
B07_3dpt_CT_CMA2.sc11,3dpt,CT,B07,CMA
B07_3dpt_CT_CMA2.sc12,3dpt,CT,B07,CMA
B07_3dpt_CT_CMA2.sc13,3dpt,CT,B07,CMA
B07_3dpt_CT_CMA2.sc14,3dpt,CT,B07,CMA
B07_3dpt_CT_CMA2.sc15,3dpt,CT,B07,CMA
B07_3dpt_CT_CMA2.sc16,3dpt,CT,B07,CMA
B07_3dpt_CT_CMA2.sc17,3dpt,CT,B07,CMA
B07_3dpt_CT_CMA2.sc18,3dpt,CT,B07,CMA
B07_3dpt_CT_CMA2.sc19,3dpt,CT,B07,CMA
B07_3dpt_CT_CMA2.sc20,3dpt,CT,B07,CMA
B07_3dpt_CT_CMA2.sc21,3dpt,CT,B07,CMA
B07_3dpt_CT_CMA2.sc22,3dpt,CT,B07,CMA
B07_3dpt_CT_CMA2.sc23,3dpt,CT,B07,CMA
B07_3dpt_CT_CMA2.sc24,3dpt,CT,B07,CMA
B07_3dpt_CT_CMA2.sc25,3dpt,CT,B07,CMA
B07_3dpt_CT_CMA2.sc26,3dpt,CT,B07,CMA
B07_3dpt_CT_CMA2.sc27,3dpt,CT,B07,CMA
B07_3dpt_CT_CMA2.sc28,3dpt,CT,B07,CMA
B07_3dpt_CT_CMA2.sc29,3dpt,CT,B07,CMA
B07_3dpt_CT_CMA2.sc30,3dpt,CT,B07,CMA
B07_3dpt_CT_CMA2.sc31,3dpt,CT,B07,CMA
B07_3dpt_CT_CMA2.sc32,3dpt,CT,B07,CMA
B07_3dpt_CT_CMA2.sc33,3dpt,CT,B07,CMA
B07_3dpt_CT_CMA2.sc34,3dpt,CT,B07,CMA
B07_3dpt_CT_CMA2.sc35,3dpt,CT,B07,CMA
B07_3dpt_CT_CMA2.sc36,3dpt,CT,B07,CMA
B07_3dpt_CT_CMA2.sc37,3dpt,CT,B07,CMA
B07_3dpt_CT_CMA2.sc38,3dpt,CT,B07,CMA
B07_3dpt_CT_CMA2.sc39,3dpt,CT,B07,CMA
B07_3dpt_CT_CMA2.sc40,3dpt,CT,B07,CMA
B07_3dpt_CT_CMA2.sc41,3dpt,CT,B07,CMA
B07_3dpt_CT_CMA2.sc42,3dpt,CT,B07,CMA
B07_3dpt_CT_CMA2.sc43,3dpt,CT,B07,CMA
B07_3dpt_CT_CMA2.sc44,3dpt,CT,B07,CMA
B07_3dpt_CT_CMA2.sc45,3dpt,CT,B07,CMA
B07_3dpt_CT_CMA2.sc46,3dpt,CT,B07,CMA
B07_3dpt_CT_CMA2.sc47,3dpt,CT,B07,CMA
B07_3dpt_CT_CMA2.sc48,3dpt,CT,B07,CMA
B07_3dpt_CT_CMA2.sc49,3dpt,CT,B07,CMA
B07_3dpt_CT_CMA2.sc50,3dpt,CT,B07,CMA
B07_3dpt_CT_CMA2.sc51,3dpt,CT,B07,CMA
B07_3dpt_CT_CMA2.sc52,3dpt,CT,B07,CMA
B07_3dpt_CT_CMA2.sc53,3dpt,CT,B07,CMA
B07_3dpt_CT_CMA2.sc54,3dpt,CT,B07,CMA
B07_3dpt_CT_CMA2.sc55,3dpt,CT,B07,CMA
B07_3dpt_CT_CMA2.sc56,3dpt,CT,B07,CMA
B07_3dpt_CT_CMA2.sc57,3dpt,CT,B07,CMA
B07_3dpt_CT_CMA2.sc58,3dpt,CT,B07,CMA
B07_3dpt_CT_CMA2.sc59,3dpt,CT,B07,CMA
B07_3dpt_CT_CMA2.sc60,3dpt,CT,B07,CMA
B07_3dpt_CT_CMA2.sc61,3dpt,CT,B07,CMA
B07_3dpt_CT_CMA2.sc62,3dpt,CT,B07,CMA
B07_3dpt_CT_CMA2.sc63,3dpt,CT,B07,CMA
B07_3dpt_CT_CMA2.sc64,3dpt,CT,B07,CMA
B07_3dpt_CT_CMA2.sc65,3dpt,CT,B07,CMA
B07_3dpt_CT_CMA2.sc66,3dpt,CT,B07,CMA
B07_3dpt_CT_CMA2.sc67,3dpt,CT,B07,CMA
B07_3dpt_CT_CMA2.sc68,3dpt,CT,B07,CMA
B07_3dpt_CT_CMA2.sc69,3dpt,CT,B07,CMA
B07_3dpt_CT_CMA2.sc70,3dpt,CT,B07,CMA
B07_3dpt_CT_CMA2.sc71,3dpt,CT,B07,CMA
B07_3dpt_CT_CMA2.sc72,3dpt,CT,B07,CMA
B07_3dpt_CT_CMA2.sc73,3dpt,CT,B07,CMA
B07_3dpt_CT_CMA2.sc74,3dpt,CT,B07,CMA
B07_3dpt_CT_CMA2.sc75,3dpt,CT,B07,CMA
B07_3dpt_CT_CMA2.sc76,3dpt,CT,B07,CMA
B07_3dpt_CT_CMA2.sc77,3dpt,CT,B07,CMA
B07_3dpt_CT_CMA2.sc78,3dpt,CT,B07,CMA
B07_3dpt_CT_CMA2.sc79,3dpt,CT,B07,CMA
B07_3dpt_CT_CMA2.sc80,3dpt,CT,B07,CMA
B07_3dpt_CT_CMA2.sc81,3dpt,CT,B07,CMA
B07_3dpt_CT_CMA2.sc82,3dpt,CT,B07,CMA
B07_3dpt_CT_CMA2.sc83,3dpt,CT,B07,CMA
B07_3dpt_CT_CMA2.sc84,3dpt,CT,B07,CMA
B07_3dpt_CT_CMA2.sc85,3dpt,CT,B07,CMA
B07_3dpt_CT_CMA2.sc86,3dpt,CT,B07,CMA
B07_3dpt_CT_CMA2.sc87,3dpt,CT,B07,CMA
B07_3dpt_CT_CMA2.sc88,3dpt,CT,B07,CMA
B07_3dpt_CT_CMA2.sc89,3dpt,CT,B07,CMA
B07_3dpt_CT_CMA2.sc90,3dpt,CT,B07,CMA
B07_3dpt_CT_CMA2.sc91,3dpt,CT,B07,CMA
B07_3dpt_CT_CMA2.sc92,3dpt,CT,B07,CMA
B07_3dpt_CT_CMA2.sc93,3dpt,CT,B07,CMA
B07_3dpt_CT_CMA2.sc94,3dpt,CT,B07,CMA
B07_3dpt_CT_CMA2.sc95,3dpt,CT,B07,CMA
B07_3dpt_CT_CMA2.sc96,3dpt,CT,B07,CMA
B07_3dpt_CT_CMV2.sc1,3dpt,CT,B07,CMV
B07_3dpt_CT_CMV2.sc2,3dpt,CT,B07,CMV
B07_3dpt_CT_CMV2.sc3,3dpt,CT,B07,CMV
B07_3dpt_CT_CMV2.sc4,3dpt,CT,B07,CMV
B07_3dpt_CT_CMV2.sc5,3dpt,CT,B07,CMV
B07_3dpt_CT_CMV2.sc6,3dpt,CT,B07,CMV
B07_3dpt_CT_CMV2.sc7,3dpt,CT,B07,CMV
B07_3dpt_CT_CMV2.sc8,3dpt,CT,B07,CMV
B07_3dpt_CT_CMV2.sc9,3dpt,CT,B07,CMV
B07_3dpt_CT_CMV2.sc10,3dpt,CT,B07,CMV
B07_3dpt_CT_CMV2.sc11,3dpt,CT,B07,CMV
B07_3dpt_CT_CMV2.sc12,3dpt,CT,B07,CMV
B07_3dpt_CT_CMV2.sc13,3dpt,CT,B07,CMV
B07_3dpt_CT_CMV2.sc14,3dpt,CT,B07,CMV
B07_3dpt_CT_CMV2.sc15,3dpt,CT,B07,CMV
B07_3dpt_CT_CMV2.sc16,3dpt,CT,B07,CMV
B07_3dpt_CT_CMV2.sc17,3dpt,CT,B07,CMV
B07_3dpt_CT_CMV2.sc18,3dpt,CT,B07,CMV
B07_3dpt_CT_CMV2.sc19,3dpt,CT,B07,CMV
B07_3dpt_CT_CMV2.sc20,3dpt,CT,B07,CMV
B07_3dpt_CT_CMV2.sc21,3dpt,CT,B07,CMV
B07_3dpt_CT_CMV2.sc22,3dpt,CT,B07,CMV
B07_3dpt_CT_CMV2.sc23,3dpt,CT,B07,CMV
B07_3dpt_CT_CMV2.sc24,3dpt,CT,B07,CMV
B07_3dpt_CT_CMV2.sc25,3dpt,CT,B07,CMV
B07_3dpt_CT_CMV2.sc26,3dpt,CT,B07,CMV
B07_3dpt_CT_CMV2.sc27,3dpt,CT,B07,CMV
B07_3dpt_CT_CMV2.sc28,3dpt,CT,B07,CMV
B07_3dpt_CT_CMV2.sc29,3dpt,CT,B07,CMV
B07_3dpt_CT_CMV2.sc30,3dpt,CT,B07,CMV
B07_3dpt_CT_CMV2.sc31,3dpt,CT,B07,CMV
B07_3dpt_CT_CMV2.sc32,3dpt,CT,B07,CMV
B07_3dpt_CT_CMV2.sc33,3dpt,CT,B07,CMV
B07_3dpt_CT_CMV2.sc34,3dpt,CT,B07,CMV
B07_3dpt_CT_CMV2.sc35,3dpt,CT,B07,CMV
B07_3dpt_CT_CMV2.sc36,3dpt,CT,B07,CMV
B07_3dpt_CT_CMV2.sc37,3dpt,CT,B07,CMV
B07_3dpt_CT_CMV2.sc38,3dpt,CT,B07,CMV
B07_3dpt_CT_CMV2.sc39,3dpt,CT,B07,CMV
B07_3dpt_CT_CMV2.sc40,3dpt,CT,B07,CMV
B07_3dpt_CT_CMV2.sc41,3dpt,CT,B07,CMV
B07_3dpt_CT_CMV2.sc42,3dpt,CT,B07,CMV
B07_3dpt_CT_CMV2.sc43,3dpt,CT,B07,CMV
B07_3dpt_CT_CMV2.sc44,3dpt,CT,B07,CMV
B07_3dpt_CT_CMV2.sc45,3dpt,CT,B07,CMV
B07_3dpt_CT_CMV2.sc46,3dpt,CT,B07,CMV
B07_3dpt_CT_CMV2.sc47,3dpt,CT,B07,CMV
B07_3dpt_CT_CMV2.sc48,3dpt,CT,B07,CMV
B07_3dpt_CT_CMV2.sc49,3dpt,CT,B07,CMV
B07_3dpt_CT_CMV2.sc50,3dpt,CT,B07,CMV
B07_3dpt_CT_CMV2.sc51,3dpt,CT,B07,CMV
B07_3dpt_CT_CMV2.sc52,3dpt,CT,B07,CMV
B07_3dpt_CT_CMV2.sc53,3dpt,CT,B07,CMV
B07_3dpt_CT_CMV2.sc54,3dpt,CT,B07,CMV
B07_3dpt_CT_CMV2.sc55,3dpt,CT,B07,CMV
B07_3dpt_CT_CMV2.sc56,3dpt,CT,B07,CMV
B07_3dpt_CT_CMV2.sc57,3dpt,CT,B07,CMV
B07_3dpt_CT_CMV2.sc58,3dpt,CT,B07,CMV
B07_3dpt_CT_CMV2.sc59,3dpt,CT,B07,CMV
B07_3dpt_CT_CMV2.sc60,3dpt,CT,B07,CMV
B07_3dpt_CT_CMV2.sc61,3dpt,CT,B07,CMV
B07_3dpt_CT_CMV2.sc62,3dpt,CT,B07,CMV
B07_3dpt_CT_CMV2.sc63,3dpt,CT,B07,CMV
B07_3dpt_CT_CMV2.sc64,3dpt,CT,B07,CMV
B07_3dpt_CT_CMV2.sc65,3dpt,CT,B07,CMV
B07_3dpt_CT_CMV2.sc66,3dpt,CT,B07,CMV
B07_3dpt_CT_CMV2.sc67,3dpt,CT,B07,CMV
B07_3dpt_CT_CMV2.sc68,3dpt,CT,B07,CMV
B07_3dpt_CT_CMV2.sc69,3dpt,CT,B07,CMV
B07_3dpt_CT_CMV2.sc70,3dpt,CT,B07,CMV
B07_3dpt_CT_CMV2.sc71,3dpt,CT,B07,CMV
B07_3dpt_CT_CMV2.sc72,3dpt,CT,B07,CMV
B07_3dpt_CT_CMV2.sc73,3dpt,CT,B07,CMV
B07_3dpt_CT_CMV2.sc74,3dpt,CT,B07,CMV
B07_3dpt_CT_CMV2.sc75,3dpt,CT,B07,CMV
B07_3dpt_CT_CMV2.sc76,3dpt,CT,B07,CMV
B07_3dpt_CT_CMV2.sc77,3dpt,CT,B07,CMV
B07_3dpt_CT_CMV2.sc78,3dpt,CT,B07,CMV
B07_3dpt_CT_CMV2.sc79,3dpt,CT,B07,CMV
B07_3dpt_CT_CMV2.sc80,3dpt,CT,B07,CMV
B07_3dpt_CT_CMV2.sc81,3dpt,CT,B07,CMV
B07_3dpt_CT_CMV2.sc82,3dpt,CT,B07,CMV
B07_3dpt_CT_CMV2.sc83,3dpt,CT,B07,CMV
B07_3dpt_CT_CMV2.sc84,3dpt,CT,B07,CMV
B07_3dpt_CT_CMV2.sc85,3dpt,CT,B07,CMV
B07_3dpt_CT_CMV2.sc86,3dpt,CT,B07,CMV
B07_3dpt_CT_CMV2.sc87,3dpt,CT,B07,CMV
B07_3dpt_CT_CMV2.sc88,3dpt,CT,B07,CMV
B07_3dpt_CT_CMV2.sc89,3dpt,CT,B07,CMV
B07_3dpt_CT_CMV2.sc90,3dpt,CT,B07,CMV
B07_3dpt_CT_CMV2.sc91,3dpt,CT,B07,CMV
B07_3dpt_CT_CMV2.sc92,3dpt,CT,B07,CMV
B07_3dpt_CT_CMV2.sc93,3dpt,CT,B07,CMV
B07_3dpt_CT_CMV2.sc94,3dpt,CT,B07,CMV
B07_3dpt_CT_CMV2.sc95,3dpt,CT,B07,CMV
B07_3dpt_CT_CMV2.sc96,3dpt,CT,B07,CMV
B06_3dpt_MTZ_CMA.sc1,3dpt,MTZ,B06,CMA
B06_3dpt_MTZ_CMA.sc2,3dpt,MTZ,B06,CMA
B06_3dpt_MTZ_CMA.sc3,3dpt,MTZ,B06,CMA
B06_3dpt_MTZ_CMA.sc4,3dpt,MTZ,B06,CMA
B06_3dpt_MTZ_CMA.sc5,3dpt,MTZ,B06,CMA
B06_3dpt_MTZ_CMA.sc6,3dpt,MTZ,B06,CMA
B06_3dpt_MTZ_CMA.sc7,3dpt,MTZ,B06,CMA
B06_3dpt_MTZ_CMA.sc8,3dpt,MTZ,B06,CMA
B06_3dpt_MTZ_CMA.sc9,3dpt,MTZ,B06,CMA
B06_3dpt_MTZ_CMA.sc10,3dpt,MTZ,B06,CMA
B06_3dpt_MTZ_CMA.sc11,3dpt,MTZ,B06,CMA
B06_3dpt_MTZ_CMA.sc12,3dpt,MTZ,B06,CMA
B06_3dpt_MTZ_CMA.sc13,3dpt,MTZ,B06,CMA
B06_3dpt_MTZ_CMA.sc14,3dpt,MTZ,B06,CMA
B06_3dpt_MTZ_CMA.sc15,3dpt,MTZ,B06,CMA
B06_3dpt_MTZ_CMA.sc16,3dpt,MTZ,B06,CMA
B06_3dpt_MTZ_CMA.sc17,3dpt,MTZ,B06,CMA
B06_3dpt_MTZ_CMA.sc18,3dpt,MTZ,B06,CMA
B06_3dpt_MTZ_CMA.sc19,3dpt,MTZ,B06,CMA
B06_3dpt_MTZ_CMA.sc20,3dpt,MTZ,B06,CMA
B06_3dpt_MTZ_CMA.sc21,3dpt,MTZ,B06,CMA
B06_3dpt_MTZ_CMA.sc22,3dpt,MTZ,B06,CMA
B06_3dpt_MTZ_CMA.sc23,3dpt,MTZ,B06,CMA
B06_3dpt_MTZ_CMA.sc24,3dpt,MTZ,B06,CMA
B06_3dpt_MTZ_CMA.sc25,3dpt,MTZ,B06,CMA
B06_3dpt_MTZ_CMA.sc26,3dpt,MTZ,B06,CMA
B06_3dpt_MTZ_CMA.sc27,3dpt,MTZ,B06,CMA
B06_3dpt_MTZ_CMA.sc28,3dpt,MTZ,B06,CMA
B06_3dpt_MTZ_CMA.sc29,3dpt,MTZ,B06,CMA
B06_3dpt_MTZ_CMA.sc30,3dpt,MTZ,B06,CMA
B06_3dpt_MTZ_CMA.sc31,3dpt,MTZ,B06,CMA
B06_3dpt_MTZ_CMA.sc32,3dpt,MTZ,B06,CMA
B06_3dpt_MTZ_CMA.sc33,3dpt,MTZ,B06,CMA
B06_3dpt_MTZ_CMA.sc34,3dpt,MTZ,B06,CMA
B06_3dpt_MTZ_CMA.sc35,3dpt,MTZ,B06,CMA
B06_3dpt_MTZ_CMA.sc36,3dpt,MTZ,B06,CMA
B06_3dpt_MTZ_CMA.sc37,3dpt,MTZ,B06,CMA
B06_3dpt_MTZ_CMA.sc38,3dpt,MTZ,B06,CMA
B06_3dpt_MTZ_CMA.sc39,3dpt,MTZ,B06,CMA
B06_3dpt_MTZ_CMA.sc40,3dpt,MTZ,B06,CMA
B06_3dpt_MTZ_CMA.sc41,3dpt,MTZ,B06,CMA
B06_3dpt_MTZ_CMA.sc42,3dpt,MTZ,B06,CMA
B06_3dpt_MTZ_CMA.sc43,3dpt,MTZ,B06,CMA
B06_3dpt_MTZ_CMA.sc44,3dpt,MTZ,B06,CMA
B06_3dpt_MTZ_CMA.sc45,3dpt,MTZ,B06,CMA
B06_3dpt_MTZ_CMA.sc46,3dpt,MTZ,B06,CMA
B06_3dpt_MTZ_CMA.sc47,3dpt,MTZ,B06,CMA
B06_3dpt_MTZ_CMA.sc48,3dpt,MTZ,B06,CMA
B06_3dpt_MTZ_CMA.sc49,3dpt,MTZ,B06,CMA
B06_3dpt_MTZ_CMA.sc50,3dpt,MTZ,B06,CMA
B06_3dpt_MTZ_CMA.sc51,3dpt,MTZ,B06,CMA
B06_3dpt_MTZ_CMA.sc52,3dpt,MTZ,B06,CMA
B06_3dpt_MTZ_CMA.sc53,3dpt,MTZ,B06,CMA
B06_3dpt_MTZ_CMA.sc54,3dpt,MTZ,B06,CMA
B06_3dpt_MTZ_CMA.sc55,3dpt,MTZ,B06,CMA
B06_3dpt_MTZ_CMA.sc56,3dpt,MTZ,B06,CMA
B06_3dpt_MTZ_CMA.sc57,3dpt,MTZ,B06,CMA
B06_3dpt_MTZ_CMA.sc58,3dpt,MTZ,B06,CMA
B06_3dpt_MTZ_CMA.sc59,3dpt,MTZ,B06,CMA
B06_3dpt_MTZ_CMA.sc60,3dpt,MTZ,B06,CMA
B06_3dpt_MTZ_CMA.sc61,3dpt,MTZ,B06,CMA
B06_3dpt_MTZ_CMA.sc62,3dpt,MTZ,B06,CMA
B06_3dpt_MTZ_CMA.sc63,3dpt,MTZ,B06,CMA
B06_3dpt_MTZ_CMA.sc64,3dpt,MTZ,B06,CMA
B06_3dpt_MTZ_CMA.sc65,3dpt,MTZ,B06,CMA
B06_3dpt_MTZ_CMA.sc66,3dpt,MTZ,B06,CMA
B06_3dpt_MTZ_CMA.sc67,3dpt,MTZ,B06,CMA
B06_3dpt_MTZ_CMA.sc68,3dpt,MTZ,B06,CMA
B06_3dpt_MTZ_CMA.sc69,3dpt,MTZ,B06,CMA
B06_3dpt_MTZ_CMA.sc70,3dpt,MTZ,B06,CMA
B06_3dpt_MTZ_CMA.sc71,3dpt,MTZ,B06,CMA
B06_3dpt_MTZ_CMA.sc72,3dpt,MTZ,B06,CMA
B06_3dpt_MTZ_CMA.sc73,3dpt,MTZ,B06,CMA
B06_3dpt_MTZ_CMA.sc74,3dpt,MTZ,B06,CMA
B06_3dpt_MTZ_CMA.sc75,3dpt,MTZ,B06,CMA
B06_3dpt_MTZ_CMA.sc76,3dpt,MTZ,B06,CMA
B06_3dpt_MTZ_CMA.sc77,3dpt,MTZ,B06,CMA
B06_3dpt_MTZ_CMA.sc78,3dpt,MTZ,B06,CMA
B06_3dpt_MTZ_CMA.sc79,3dpt,MTZ,B06,CMA
B06_3dpt_MTZ_CMA.sc80,3dpt,MTZ,B06,CMA
B06_3dpt_MTZ_CMA.sc81,3dpt,MTZ,B06,CMA
B06_3dpt_MTZ_CMA.sc82,3dpt,MTZ,B06,CMA
B06_3dpt_MTZ_CMA.sc83,3dpt,MTZ,B06,CMA
B06_3dpt_MTZ_CMA.sc84,3dpt,MTZ,B06,CMA
B06_3dpt_MTZ_CMA.sc85,3dpt,MTZ,B06,CMA
B06_3dpt_MTZ_CMA.sc86,3dpt,MTZ,B06,CMA
B06_3dpt_MTZ_CMA.sc87,3dpt,MTZ,B06,CMA
B06_3dpt_MTZ_CMA.sc88,3dpt,MTZ,B06,CMA
B06_3dpt_MTZ_CMA.sc89,3dpt,MTZ,B06,CMA
B06_3dpt_MTZ_CMA.sc90,3dpt,MTZ,B06,CMA
B06_3dpt_MTZ_CMA.sc91,3dpt,MTZ,B06,CMA
B06_3dpt_MTZ_CMA.sc92,3dpt,MTZ,B06,CMA
B06_3dpt_MTZ_CMA.sc93,3dpt,MTZ,B06,CMA
B06_3dpt_MTZ_CMA.sc94,3dpt,MTZ,B06,CMA
B06_3dpt_MTZ_CMA.sc95,3dpt,MTZ,B06,CMA
B06_3dpt_MTZ_CMA.sc96,3dpt,MTZ,B06,CMA
B06_3dpt_MTZ_CMV.sc1,3dpt,MTZ,B06,CMV
B06_3dpt_MTZ_CMV.sc2,3dpt,MTZ,B06,CMV
B06_3dpt_MTZ_CMV.sc3,3dpt,MTZ,B06,CMV
B06_3dpt_MTZ_CMV.sc4,3dpt,MTZ,B06,CMV
B06_3dpt_MTZ_CMV.sc5,3dpt,MTZ,B06,CMV
B06_3dpt_MTZ_CMV.sc6,3dpt,MTZ,B06,CMV
B06_3dpt_MTZ_CMV.sc7,3dpt,MTZ,B06,CMV
B06_3dpt_MTZ_CMV.sc8,3dpt,MTZ,B06,CMV
B06_3dpt_MTZ_CMV.sc9,3dpt,MTZ,B06,CMV
B06_3dpt_MTZ_CMV.sc10,3dpt,MTZ,B06,CMV
B06_3dpt_MTZ_CMV.sc11,3dpt,MTZ,B06,CMV
B06_3dpt_MTZ_CMV.sc12,3dpt,MTZ,B06,CMV
B06_3dpt_MTZ_CMV.sc13,3dpt,MTZ,B06,CMV
B06_3dpt_MTZ_CMV.sc14,3dpt,MTZ,B06,CMV
B06_3dpt_MTZ_CMV.sc15,3dpt,MTZ,B06,CMV
B06_3dpt_MTZ_CMV.sc16,3dpt,MTZ,B06,CMV
B06_3dpt_MTZ_CMV.sc17,3dpt,MTZ,B06,CMV
B06_3dpt_MTZ_CMV.sc18,3dpt,MTZ,B06,CMV
B06_3dpt_MTZ_CMV.sc19,3dpt,MTZ,B06,CMV
B06_3dpt_MTZ_CMV.sc20,3dpt,MTZ,B06,CMV
B06_3dpt_MTZ_CMV.sc21,3dpt,MTZ,B06,CMV
B06_3dpt_MTZ_CMV.sc22,3dpt,MTZ,B06,CMV
B06_3dpt_MTZ_CMV.sc23,3dpt,MTZ,B06,CMV
B06_3dpt_MTZ_CMV.sc24,3dpt,MTZ,B06,CMV
B06_3dpt_MTZ_CMV.sc25,3dpt,MTZ,B06,CMV
B06_3dpt_MTZ_CMV.sc26,3dpt,MTZ,B06,CMV
B06_3dpt_MTZ_CMV.sc27,3dpt,MTZ,B06,CMV
B06_3dpt_MTZ_CMV.sc28,3dpt,MTZ,B06,CMV
B06_3dpt_MTZ_CMV.sc29,3dpt,MTZ,B06,CMV
B06_3dpt_MTZ_CMV.sc30,3dpt,MTZ,B06,CMV
B06_3dpt_MTZ_CMV.sc31,3dpt,MTZ,B06,CMV
B06_3dpt_MTZ_CMV.sc32,3dpt,MTZ,B06,CMV
B06_3dpt_MTZ_CMV.sc33,3dpt,MTZ,B06,CMV
B06_3dpt_MTZ_CMV.sc34,3dpt,MTZ,B06,CMV
B06_3dpt_MTZ_CMV.sc35,3dpt,MTZ,B06,CMV
B06_3dpt_MTZ_CMV.sc36,3dpt,MTZ,B06,CMV
B06_3dpt_MTZ_CMV.sc37,3dpt,MTZ,B06,CMV
B06_3dpt_MTZ_CMV.sc38,3dpt,MTZ,B06,CMV
B06_3dpt_MTZ_CMV.sc39,3dpt,MTZ,B06,CMV
B06_3dpt_MTZ_CMV.sc40,3dpt,MTZ,B06,CMV
B06_3dpt_MTZ_CMV.sc41,3dpt,MTZ,B06,CMV
B06_3dpt_MTZ_CMV.sc42,3dpt,MTZ,B06,CMV
B06_3dpt_MTZ_CMV.sc43,3dpt,MTZ,B06,CMV
B06_3dpt_MTZ_CMV.sc44,3dpt,MTZ,B06,CMV
B06_3dpt_MTZ_CMV.sc45,3dpt,MTZ,B06,CMV
B06_3dpt_MTZ_CMV.sc46,3dpt,MTZ,B06,CMV
B06_3dpt_MTZ_CMV.sc47,3dpt,MTZ,B06,CMV
B06_3dpt_MTZ_CMV.sc48,3dpt,MTZ,B06,CMV
B06_3dpt_MTZ_CMV.sc49,3dpt,MTZ,B06,CMV
B06_3dpt_MTZ_CMV.sc50,3dpt,MTZ,B06,CMV
B06_3dpt_MTZ_CMV.sc51,3dpt,MTZ,B06,CMV
B06_3dpt_MTZ_CMV.sc52,3dpt,MTZ,B06,CMV
B06_3dpt_MTZ_CMV.sc53,3dpt,MTZ,B06,CMV
B06_3dpt_MTZ_CMV.sc54,3dpt,MTZ,B06,CMV
B06_3dpt_MTZ_CMV.sc55,3dpt,MTZ,B06,CMV
B06_3dpt_MTZ_CMV.sc56,3dpt,MTZ,B06,CMV
B06_3dpt_MTZ_CMV.sc57,3dpt,MTZ,B06,CMV
B06_3dpt_MTZ_CMV.sc58,3dpt,MTZ,B06,CMV
B06_3dpt_MTZ_CMV.sc59,3dpt,MTZ,B06,CMV
B06_3dpt_MTZ_CMV.sc60,3dpt,MTZ,B06,CMV
B06_3dpt_MTZ_CMV.sc61,3dpt,MTZ,B06,CMV
B06_3dpt_MTZ_CMV.sc62,3dpt,MTZ,B06,CMV
B06_3dpt_MTZ_CMV.sc63,3dpt,MTZ,B06,CMV
B06_3dpt_MTZ_CMV.sc64,3dpt,MTZ,B06,CMV
B06_3dpt_MTZ_CMV.sc65,3dpt,MTZ,B06,CMV
B06_3dpt_MTZ_CMV.sc66,3dpt,MTZ,B06,CMV
B06_3dpt_MTZ_CMV.sc67,3dpt,MTZ,B06,CMV
B06_3dpt_MTZ_CMV.sc68,3dpt,MTZ,B06,CMV
B06_3dpt_MTZ_CMV.sc69,3dpt,MTZ,B06,CMV
B06_3dpt_MTZ_CMV.sc70,3dpt,MTZ,B06,CMV
B06_3dpt_MTZ_CMV.sc71,3dpt,MTZ,B06,CMV
B06_3dpt_MTZ_CMV.sc72,3dpt,MTZ,B06,CMV
B06_3dpt_MTZ_CMV.sc73,3dpt,MTZ,B06,CMV
B06_3dpt_MTZ_CMV.sc74,3dpt,MTZ,B06,CMV
B06_3dpt_MTZ_CMV.sc75,3dpt,MTZ,B06,CMV
B06_3dpt_MTZ_CMV.sc76,3dpt,MTZ,B06,CMV
B06_3dpt_MTZ_CMV.sc77,3dpt,MTZ,B06,CMV
B06_3dpt_MTZ_CMV.sc78,3dpt,MTZ,B06,CMV
B06_3dpt_MTZ_CMV.sc79,3dpt,MTZ,B06,CMV
B06_3dpt_MTZ_CMV.sc80,3dpt,MTZ,B06,CMV
B06_3dpt_MTZ_CMV.sc81,3dpt,MTZ,B06,CMV
B06_3dpt_MTZ_CMV.sc82,3dpt,MTZ,B06,CMV
B06_3dpt_MTZ_CMV.sc83,3dpt,MTZ,B06,CMV
B06_3dpt_MTZ_CMV.sc84,3dpt,MTZ,B06,CMV
B06_3dpt_MTZ_CMV.sc85,3dpt,MTZ,B06,CMV
B06_3dpt_MTZ_CMV.sc86,3dpt,MTZ,B06,CMV
B06_3dpt_MTZ_CMV.sc87,3dpt,MTZ,B06,CMV
B06_3dpt_MTZ_CMV.sc88,3dpt,MTZ,B06,CMV
B06_3dpt_MTZ_CMV.sc89,3dpt,MTZ,B06,CMV
B06_3dpt_MTZ_CMV.sc90,3dpt,MTZ,B06,CMV
B06_3dpt_MTZ_CMV.sc91,3dpt,MTZ,B06,CMV
B06_3dpt_MTZ_CMV.sc92,3dpt,MTZ,B06,CMV
B06_3dpt_MTZ_CMV.sc93,3dpt,MTZ,B06,CMV
B06_3dpt_MTZ_CMV.sc94,3dpt,MTZ,B06,CMV
B06_3dpt_MTZ_CMV.sc95,3dpt,MTZ,B06,CMV
B06_3dpt_MTZ_CMV.sc96,3dpt,MTZ,B06,CMV
B06_4dpt_CT_CMA.sc49,4dpt,CT,B06,CMA
B06_4dpt_CT_CMA.sc50,4dpt,CT,B06,CMA
B06_4dpt_CT_CMA.sc51,4dpt,CT,B06,CMA
B06_4dpt_CT_CMA.sc52,4dpt,CT,B06,CMA
B06_4dpt_CT_CMA.sc53,4dpt,CT,B06,CMA
B06_4dpt_CT_CMA.sc54,4dpt,CT,B06,CMA
B06_4dpt_CT_CMA.sc55,4dpt,CT,B06,CMA
B06_4dpt_CT_CMA.sc56,4dpt,CT,B06,CMA
B06_4dpt_CT_CMA.sc57,4dpt,CT,B06,CMA
B06_4dpt_CT_CMA.sc58,4dpt,CT,B06,CMA
B06_4dpt_CT_CMA.sc59,4dpt,CT,B06,CMA
B06_4dpt_CT_CMA.sc60,4dpt,CT,B06,CMA
B06_4dpt_CT_CMA.sc61,4dpt,CT,B06,CMA
B06_4dpt_CT_CMA.sc62,4dpt,CT,B06,CMA
B06_4dpt_CT_CMA.sc63,4dpt,CT,B06,CMA
B06_4dpt_CT_CMA.sc64,4dpt,CT,B06,CMA
B06_4dpt_CT_CMA.sc65,4dpt,CT,B06,CMA
B06_4dpt_CT_CMA.sc66,4dpt,CT,B06,CMA
B06_4dpt_CT_CMA.sc67,4dpt,CT,B06,CMA
B06_4dpt_CT_CMA.sc68,4dpt,CT,B06,CMA
B06_4dpt_CT_CMA.sc69,4dpt,CT,B06,CMA
B06_4dpt_CT_CMA.sc70,4dpt,CT,B06,CMA
B06_4dpt_CT_CMA.sc71,4dpt,CT,B06,CMA
B06_4dpt_CT_CMA.sc72,4dpt,CT,B06,CMA
B06_4dpt_CT_CMA.sc73,4dpt,CT,B06,CMA
B06_4dpt_CT_CMA.sc74,4dpt,CT,B06,CMA
B06_4dpt_CT_CMA.sc75,4dpt,CT,B06,CMA
B06_4dpt_CT_CMA.sc76,4dpt,CT,B06,CMA
B06_4dpt_CT_CMA.sc77,4dpt,CT,B06,CMA
B06_4dpt_CT_CMA.sc78,4dpt,CT,B06,CMA
B06_4dpt_CT_CMA.sc79,4dpt,CT,B06,CMA
B06_4dpt_CT_CMA.sc80,4dpt,CT,B06,CMA
B06_4dpt_CT_CMA.sc81,4dpt,CT,B06,CMA
B06_4dpt_CT_CMA.sc82,4dpt,CT,B06,CMA
B06_4dpt_CT_CMA.sc83,4dpt,CT,B06,CMA
B06_4dpt_CT_CMA.sc84,4dpt,CT,B06,CMA
B06_4dpt_CT_CMA.sc85,4dpt,CT,B06,CMA
B06_4dpt_CT_CMA.sc86,4dpt,CT,B06,CMA
B06_4dpt_CT_CMA.sc87,4dpt,CT,B06,CMA
B06_4dpt_CT_CMA.sc88,4dpt,CT,B06,CMA
B06_4dpt_CT_CMA.sc89,4dpt,CT,B06,CMA
B06_4dpt_CT_CMA.sc90,4dpt,CT,B06,CMA
B06_4dpt_CT_CMA.sc91,4dpt,CT,B06,CMA
B06_4dpt_CT_CMA.sc92,4dpt,CT,B06,CMA
B06_4dpt_CT_CMA.sc93,4dpt,CT,B06,CMA
B06_4dpt_CT_CMA.sc94,4dpt,CT,B06,CMA
B06_4dpt_CT_CMA.sc95,4dpt,CT,B06,CMA
B06_4dpt_CT_CMA.sc96,4dpt,CT,B06,CMA
B06_4dpt_CT_CMV.sc1,4dpt,CT,B06,CMV
B06_4dpt_CT_CMV.sc2,4dpt,CT,B06,CMV
B06_4dpt_CT_CMV.sc3,4dpt,CT,B06,CMV
B06_4dpt_CT_CMV.sc4,4dpt,CT,B06,CMV
B06_4dpt_CT_CMV.sc5,4dpt,CT,B06,CMV
B06_4dpt_CT_CMV.sc6,4dpt,CT,B06,CMV
B06_4dpt_CT_CMV.sc7,4dpt,CT,B06,CMV
B06_4dpt_CT_CMV.sc8,4dpt,CT,B06,CMV
B06_4dpt_CT_CMV.sc9,4dpt,CT,B06,CMV
B06_4dpt_CT_CMV.sc10,4dpt,CT,B06,CMV
B06_4dpt_CT_CMV.sc11,4dpt,CT,B06,CMV
B06_4dpt_CT_CMV.sc12,4dpt,CT,B06,CMV
B06_4dpt_CT_CMV.sc13,4dpt,CT,B06,CMV
B06_4dpt_CT_CMV.sc14,4dpt,CT,B06,CMV
B06_4dpt_CT_CMV.sc15,4dpt,CT,B06,CMV
B06_4dpt_CT_CMV.sc16,4dpt,CT,B06,CMV
B06_4dpt_CT_CMV.sc17,4dpt,CT,B06,CMV
B06_4dpt_CT_CMV.sc18,4dpt,CT,B06,CMV
B06_4dpt_CT_CMV.sc19,4dpt,CT,B06,CMV
B06_4dpt_CT_CMV.sc20,4dpt,CT,B06,CMV
B06_4dpt_CT_CMV.sc21,4dpt,CT,B06,CMV
B06_4dpt_CT_CMV.sc22,4dpt,CT,B06,CMV
B06_4dpt_CT_CMV.sc23,4dpt,CT,B06,CMV
B06_4dpt_CT_CMV.sc24,4dpt,CT,B06,CMV
B06_4dpt_CT_CMV.sc25,4dpt,CT,B06,CMV
B06_4dpt_CT_CMV.sc26,4dpt,CT,B06,CMV
B06_4dpt_CT_CMV.sc27,4dpt,CT,B06,CMV
B06_4dpt_CT_CMV.sc28,4dpt,CT,B06,CMV
B06_4dpt_CT_CMV.sc29,4dpt,CT,B06,CMV
B06_4dpt_CT_CMV.sc30,4dpt,CT,B06,CMV
B06_4dpt_CT_CMV.sc31,4dpt,CT,B06,CMV
B06_4dpt_CT_CMV.sc32,4dpt,CT,B06,CMV
B06_4dpt_CT_CMV.sc33,4dpt,CT,B06,CMV
B06_4dpt_CT_CMV.sc34,4dpt,CT,B06,CMV
B06_4dpt_CT_CMV.sc35,4dpt,CT,B06,CMV
B06_4dpt_CT_CMV.sc36,4dpt,CT,B06,CMV
B06_4dpt_CT_CMV.sc37,4dpt,CT,B06,CMV
B06_4dpt_CT_CMV.sc38,4dpt,CT,B06,CMV
B06_4dpt_CT_CMV.sc39,4dpt,CT,B06,CMV
B06_4dpt_CT_CMV.sc40,4dpt,CT,B06,CMV
B06_4dpt_CT_CMV.sc41,4dpt,CT,B06,CMV
B06_4dpt_CT_CMV.sc42,4dpt,CT,B06,CMV
B06_4dpt_CT_CMV.sc43,4dpt,CT,B06,CMV
B06_4dpt_CT_CMV.sc44,4dpt,CT,B06,CMV
B06_4dpt_CT_CMV.sc45,4dpt,CT,B06,CMV
B06_4dpt_CT_CMV.sc46,4dpt,CT,B06,CMV
B06_4dpt_CT_CMV.sc47,4dpt,CT,B06,CMV
B06_4dpt_CT_CMV.sc48,4dpt,CT,B06,CMV
B06_4dpt_MTZ_CMA.sc1,4dpt,MTZ,B06,CMA
B06_4dpt_MTZ_CMA.sc2,4dpt,MTZ,B06,CMA
B06_4dpt_MTZ_CMA.sc3,4dpt,MTZ,B06,CMA
B06_4dpt_MTZ_CMA.sc4,4dpt,MTZ,B06,CMA
B06_4dpt_MTZ_CMA.sc5,4dpt,MTZ,B06,CMA
B06_4dpt_MTZ_CMA.sc6,4dpt,MTZ,B06,CMA
B06_4dpt_MTZ_CMA.sc7,4dpt,MTZ,B06,CMA
B06_4dpt_MTZ_CMA.sc8,4dpt,MTZ,B06,CMA
B06_4dpt_MTZ_CMA.sc9,4dpt,MTZ,B06,CMA
B06_4dpt_MTZ_CMA.sc10,4dpt,MTZ,B06,CMA
B06_4dpt_MTZ_CMA.sc11,4dpt,MTZ,B06,CMA
B06_4dpt_MTZ_CMA.sc12,4dpt,MTZ,B06,CMA
B06_4dpt_MTZ_CMA.sc13,4dpt,MTZ,B06,CMA
B06_4dpt_MTZ_CMA.sc14,4dpt,MTZ,B06,CMA
B06_4dpt_MTZ_CMA.sc15,4dpt,MTZ,B06,CMA
B06_4dpt_MTZ_CMA.sc16,4dpt,MTZ,B06,CMA
B06_4dpt_MTZ_CMA.sc17,4dpt,MTZ,B06,CMA
B06_4dpt_MTZ_CMA.sc18,4dpt,MTZ,B06,CMA
B06_4dpt_MTZ_CMA.sc19,4dpt,MTZ,B06,CMA
B06_4dpt_MTZ_CMA.sc20,4dpt,MTZ,B06,CMA
B06_4dpt_MTZ_CMA.sc21,4dpt,MTZ,B06,CMA
B06_4dpt_MTZ_CMA.sc22,4dpt,MTZ,B06,CMA
B06_4dpt_MTZ_CMA.sc23,4dpt,MTZ,B06,CMA
B06_4dpt_MTZ_CMA.sc24,4dpt,MTZ,B06,CMA
B06_4dpt_MTZ_CMA.sc25,4dpt,MTZ,B06,CMA
B06_4dpt_MTZ_CMA.sc26,4dpt,MTZ,B06,CMA
B06_4dpt_MTZ_CMA.sc27,4dpt,MTZ,B06,CMA
B06_4dpt_MTZ_CMA.sc28,4dpt,MTZ,B06,CMA
B06_4dpt_MTZ_CMA.sc29,4dpt,MTZ,B06,CMA
B06_4dpt_MTZ_CMA.sc30,4dpt,MTZ,B06,CMA
B06_4dpt_MTZ_CMA.sc31,4dpt,MTZ,B06,CMA
B06_4dpt_MTZ_CMA.sc32,4dpt,MTZ,B06,CMA
B06_4dpt_MTZ_CMA.sc33,4dpt,MTZ,B06,CMA
B06_4dpt_MTZ_CMA.sc34,4dpt,MTZ,B06,CMA
B06_4dpt_MTZ_CMA.sc35,4dpt,MTZ,B06,CMA
B06_4dpt_MTZ_CMA.sc36,4dpt,MTZ,B06,CMA
B06_4dpt_MTZ_CMA.sc37,4dpt,MTZ,B06,CMA
B06_4dpt_MTZ_CMA.sc38,4dpt,MTZ,B06,CMA
B06_4dpt_MTZ_CMA.sc39,4dpt,MTZ,B06,CMA
B06_4dpt_MTZ_CMA.sc40,4dpt,MTZ,B06,CMA
B06_4dpt_MTZ_CMA.sc41,4dpt,MTZ,B06,CMA
B06_4dpt_MTZ_CMA.sc42,4dpt,MTZ,B06,CMA
B06_4dpt_MTZ_CMA.sc43,4dpt,MTZ,B06,CMA
B06_4dpt_MTZ_CMA.sc44,4dpt,MTZ,B06,CMA
B06_4dpt_MTZ_CMA.sc45,4dpt,MTZ,B06,CMA
B06_4dpt_MTZ_CMA.sc46,4dpt,MTZ,B06,CMA
B06_4dpt_MTZ_CMA.sc47,4dpt,MTZ,B06,CMA
B06_4dpt_MTZ_CMA.sc48,4dpt,MTZ,B06,CMA
B06_4dpt_MTZ_CMA.sc49,4dpt,MTZ,B06,CMA
B06_4dpt_MTZ_CMA.sc50,4dpt,MTZ,B06,CMA
B06_4dpt_MTZ_CMA.sc51,4dpt,MTZ,B06,CMA
B06_4dpt_MTZ_CMA.sc52,4dpt,MTZ,B06,CMA
B06_4dpt_MTZ_CMA.sc53,4dpt,MTZ,B06,CMA
B06_4dpt_MTZ_CMA.sc54,4dpt,MTZ,B06,CMA
B06_4dpt_MTZ_CMA.sc55,4dpt,MTZ,B06,CMA
B06_4dpt_MTZ_CMA.sc56,4dpt,MTZ,B06,CMA
B06_4dpt_MTZ_CMA.sc57,4dpt,MTZ,B06,CMA
B06_4dpt_MTZ_CMA.sc58,4dpt,MTZ,B06,CMA
B06_4dpt_MTZ_CMA.sc59,4dpt,MTZ,B06,CMA
B06_4dpt_MTZ_CMA.sc60,4dpt,MTZ,B06,CMA
B06_4dpt_MTZ_CMA.sc61,4dpt,MTZ,B06,CMA
B06_4dpt_MTZ_CMA.sc62,4dpt,MTZ,B06,CMA
B06_4dpt_MTZ_CMA.sc63,4dpt,MTZ,B06,CMA
B06_4dpt_MTZ_CMA.sc64,4dpt,MTZ,B06,CMA
B06_4dpt_MTZ_CMA.sc65,4dpt,MTZ,B06,CMA
B06_4dpt_MTZ_CMA.sc66,4dpt,MTZ,B06,CMA
B06_4dpt_MTZ_CMA.sc67,4dpt,MTZ,B06,CMA
B06_4dpt_MTZ_CMA.sc68,4dpt,MTZ,B06,CMA
B06_4dpt_MTZ_CMA.sc69,4dpt,MTZ,B06,CMA
B06_4dpt_MTZ_CMA.sc70,4dpt,MTZ,B06,CMA
B06_4dpt_MTZ_CMA.sc71,4dpt,MTZ,B06,CMA
B06_4dpt_MTZ_CMA.sc72,4dpt,MTZ,B06,CMA
B06_4dpt_MTZ_CMA.sc73,4dpt,MTZ,B06,CMA
B06_4dpt_MTZ_CMA.sc74,4dpt,MTZ,B06,CMA
B06_4dpt_MTZ_CMA.sc75,4dpt,MTZ,B06,CMA
B06_4dpt_MTZ_CMA.sc76,4dpt,MTZ,B06,CMA
B06_4dpt_MTZ_CMA.sc77,4dpt,MTZ,B06,CMA
B06_4dpt_MTZ_CMA.sc78,4dpt,MTZ,B06,CMA
B06_4dpt_MTZ_CMA.sc79,4dpt,MTZ,B06,CMA
B06_4dpt_MTZ_CMA.sc80,4dpt,MTZ,B06,CMA
B06_4dpt_MTZ_CMA.sc81,4dpt,MTZ,B06,CMA
B06_4dpt_MTZ_CMA.sc82,4dpt,MTZ,B06,CMA
B06_4dpt_MTZ_CMA.sc83,4dpt,MTZ,B06,CMA
B06_4dpt_MTZ_CMA.sc84,4dpt,MTZ,B06,CMA
B06_4dpt_MTZ_CMA.sc85,4dpt,MTZ,B06,CMA
B06_4dpt_MTZ_CMA.sc86,4dpt,MTZ,B06,CMA
B06_4dpt_MTZ_CMA.sc87,4dpt,MTZ,B06,CMA
B06_4dpt_MTZ_CMA.sc88,4dpt,MTZ,B06,CMA
B06_4dpt_MTZ_CMA.sc89,4dpt,MTZ,B06,CMA
B06_4dpt_MTZ_CMA.sc90,4dpt,MTZ,B06,CMA
B06_4dpt_MTZ_CMA.sc91,4dpt,MTZ,B06,CMA
B06_4dpt_MTZ_CMA.sc92,4dpt,MTZ,B06,CMA
B06_4dpt_MTZ_CMA.sc93,4dpt,MTZ,B06,CMA
B06_4dpt_MTZ_CMA.sc94,4dpt,MTZ,B06,CMA
B06_4dpt_MTZ_CMA.sc95,4dpt,MTZ,B06,CMA
B06_4dpt_MTZ_CMA.sc96,4dpt,MTZ,B06,CMA
B06_4dpt_MTZ_CMV.sc1,4dpt,MTZ,B06,CMV
B06_4dpt_MTZ_CMV.sc2,4dpt,MTZ,B06,CMV
B06_4dpt_MTZ_CMV.sc3,4dpt,MTZ,B06,CMV
B06_4dpt_MTZ_CMV.sc4,4dpt,MTZ,B06,CMV
B06_4dpt_MTZ_CMV.sc5,4dpt,MTZ,B06,CMV
B06_4dpt_MTZ_CMV.sc6,4dpt,MTZ,B06,CMV
B06_4dpt_MTZ_CMV.sc7,4dpt,MTZ,B06,CMV
B06_4dpt_MTZ_CMV.sc8,4dpt,MTZ,B06,CMV
B06_4dpt_MTZ_CMV.sc9,4dpt,MTZ,B06,CMV
B06_4dpt_MTZ_CMV.sc10,4dpt,MTZ,B06,CMV
B06_4dpt_MTZ_CMV.sc11,4dpt,MTZ,B06,CMV
B06_4dpt_MTZ_CMV.sc12,4dpt,MTZ,B06,CMV
B06_4dpt_MTZ_CMV.sc13,4dpt,MTZ,B06,CMV
B06_4dpt_MTZ_CMV.sc14,4dpt,MTZ,B06,CMV
B06_4dpt_MTZ_CMV.sc15,4dpt,MTZ,B06,CMV
B06_4dpt_MTZ_CMV.sc16,4dpt,MTZ,B06,CMV
B06_4dpt_MTZ_CMV.sc17,4dpt,MTZ,B06,CMV
B06_4dpt_MTZ_CMV.sc18,4dpt,MTZ,B06,CMV
B06_4dpt_MTZ_CMV.sc19,4dpt,MTZ,B06,CMV
B06_4dpt_MTZ_CMV.sc20,4dpt,MTZ,B06,CMV
B06_4dpt_MTZ_CMV.sc21,4dpt,MTZ,B06,CMV
B06_4dpt_MTZ_CMV.sc22,4dpt,MTZ,B06,CMV
B06_4dpt_MTZ_CMV.sc23,4dpt,MTZ,B06,CMV
B06_4dpt_MTZ_CMV.sc24,4dpt,MTZ,B06,CMV
B06_4dpt_MTZ_CMV.sc25,4dpt,MTZ,B06,CMV
B06_4dpt_MTZ_CMV.sc26,4dpt,MTZ,B06,CMV
B06_4dpt_MTZ_CMV.sc27,4dpt,MTZ,B06,CMV
B06_4dpt_MTZ_CMV.sc28,4dpt,MTZ,B06,CMV
B06_4dpt_MTZ_CMV.sc29,4dpt,MTZ,B06,CMV
B06_4dpt_MTZ_CMV.sc30,4dpt,MTZ,B06,CMV
B06_4dpt_MTZ_CMV.sc31,4dpt,MTZ,B06,CMV
B06_4dpt_MTZ_CMV.sc32,4dpt,MTZ,B06,CMV
B06_4dpt_MTZ_CMV.sc33,4dpt,MTZ,B06,CMV
B06_4dpt_MTZ_CMV.sc34,4dpt,MTZ,B06,CMV
B06_4dpt_MTZ_CMV.sc35,4dpt,MTZ,B06,CMV
B06_4dpt_MTZ_CMV.sc36,4dpt,MTZ,B06,CMV
B06_4dpt_MTZ_CMV.sc37,4dpt,MTZ,B06,CMV
B06_4dpt_MTZ_CMV.sc38,4dpt,MTZ,B06,CMV
B06_4dpt_MTZ_CMV.sc39,4dpt,MTZ,B06,CMV
B06_4dpt_MTZ_CMV.sc40,4dpt,MTZ,B06,CMV
B06_4dpt_MTZ_CMV.sc41,4dpt,MTZ,B06,CMV
B06_4dpt_MTZ_CMV.sc42,4dpt,MTZ,B06,CMV
B06_4dpt_MTZ_CMV.sc43,4dpt,MTZ,B06,CMV
B06_4dpt_MTZ_CMV.sc44,4dpt,MTZ,B06,CMV
B06_4dpt_MTZ_CMV.sc45,4dpt,MTZ,B06,CMV
B06_4dpt_MTZ_CMV.sc46,4dpt,MTZ,B06,CMV
B06_4dpt_MTZ_CMV.sc47,4dpt,MTZ,B06,CMV
B06_4dpt_MTZ_CMV.sc48,4dpt,MTZ,B06,CMV
B06_4dpt_MTZ_CMV.sc49,4dpt,MTZ,B06,CMV
B06_4dpt_MTZ_CMV.sc50,4dpt,MTZ,B06,CMV
B06_4dpt_MTZ_CMV.sc51,4dpt,MTZ,B06,CMV
B06_4dpt_MTZ_CMV.sc52,4dpt,MTZ,B06,CMV
B06_4dpt_MTZ_CMV.sc53,4dpt,MTZ,B06,CMV
B06_4dpt_MTZ_CMV.sc54,4dpt,MTZ,B06,CMV
B06_4dpt_MTZ_CMV.sc55,4dpt,MTZ,B06,CMV
B06_4dpt_MTZ_CMV.sc56,4dpt,MTZ,B06,CMV
B06_4dpt_MTZ_CMV.sc57,4dpt,MTZ,B06,CMV
B06_4dpt_MTZ_CMV.sc58,4dpt,MTZ,B06,CMV
B06_4dpt_MTZ_CMV.sc59,4dpt,MTZ,B06,CMV
B06_4dpt_MTZ_CMV.sc60,4dpt,MTZ,B06,CMV
B06_4dpt_MTZ_CMV.sc61,4dpt,MTZ,B06,CMV
B06_4dpt_MTZ_CMV.sc62,4dpt,MTZ,B06,CMV
B06_4dpt_MTZ_CMV.sc63,4dpt,MTZ,B06,CMV
B06_4dpt_MTZ_CMV.sc64,4dpt,MTZ,B06,CMV
B06_4dpt_MTZ_CMV.sc65,4dpt,MTZ,B06,CMV
B06_4dpt_MTZ_CMV.sc66,4dpt,MTZ,B06,CMV
B06_4dpt_MTZ_CMV.sc67,4dpt,MTZ,B06,CMV
B06_4dpt_MTZ_CMV.sc68,4dpt,MTZ,B06,CMV
B06_4dpt_MTZ_CMV.sc69,4dpt,MTZ,B06,CMV
B06_4dpt_MTZ_CMV.sc70,4dpt,MTZ,B06,CMV
B06_4dpt_MTZ_CMV.sc71,4dpt,MTZ,B06,CMV
B06_4dpt_MTZ_CMV.sc72,4dpt,MTZ,B06,CMV
B06_4dpt_MTZ_CMV.sc73,4dpt,MTZ,B06,CMV
B06_4dpt_MTZ_CMV.sc74,4dpt,MTZ,B06,CMV
B06_4dpt_MTZ_CMV.sc75,4dpt,MTZ,B06,CMV
B06_4dpt_MTZ_CMV.sc76,4dpt,MTZ,B06,CMV
B06_4dpt_MTZ_CMV.sc77,4dpt,MTZ,B06,CMV
B06_4dpt_MTZ_CMV.sc78,4dpt,MTZ,B06,CMV
B06_4dpt_MTZ_CMV.sc79,4dpt,MTZ,B06,CMV
B06_4dpt_MTZ_CMV.sc80,4dpt,MTZ,B06,CMV
B06_4dpt_MTZ_CMV.sc81,4dpt,MTZ,B06,CMV
B06_4dpt_MTZ_CMV.sc82,4dpt,MTZ,B06,CMV
B06_4dpt_MTZ_CMV.sc83,4dpt,MTZ,B06,CMV
B06_4dpt_MTZ_CMV.sc84,4dpt,MTZ,B06,CMV
B06_4dpt_MTZ_CMV.sc85,4dpt,MTZ,B06,CMV
B06_4dpt_MTZ_CMV.sc86,4dpt,MTZ,B06,CMV
B06_4dpt_MTZ_CMV.sc87,4dpt,MTZ,B06,CMV
B06_4dpt_MTZ_CMV.sc88,4dpt,MTZ,B06,CMV
B06_4dpt_MTZ_CMV.sc89,4dpt,MTZ,B06,CMV
B06_4dpt_MTZ_CMV.sc90,4dpt,MTZ,B06,CMV
B06_4dpt_MTZ_CMV.sc91,4dpt,MTZ,B06,CMV
B06_4dpt_MTZ_CMV.sc92,4dpt,MTZ,B06,CMV
B06_4dpt_MTZ_CMV.sc93,4dpt,MTZ,B06,CMV
B06_4dpt_MTZ_CMV.sc94,4dpt,MTZ,B06,CMV
B06_4dpt_MTZ_CMV.sc95,4dpt,MTZ,B06,CMV
B06_4dpt_MTZ_CMV.sc96,4dpt,MTZ,B06,CMV
